BBL,Address,NumBldgs,geom
1002240032,454 GREENWICH STREET,3,0106000020D7080000010000000103000000010000000E0000000039B70D11F42D4100A078FE6FC7084100AD58730AF42D4100969C83AAC608418099DEB503F42D4100A2DCEBE0C5084100345E15A3F42D4100782AB88FC5084100DC5D5496F42D4100F6F85A03C4084100B368BF48F42D4100D430A42BC40841004A036248F42D41008065681FC4084180226C26F6F32D410052DDD14BC4084180CDBEF7CCF32D4100AA6B1A61C408410097F0757AF32D4100AAB0BF8BC408418051EDC650F32D410002C44AA1C40841009DEBC65DF32D4100269B5035C6084180549DA06AF32D4100582CB3C4C708410039B70D11F42D4100A078FE6FC70841
1003460039, DELANCEY STREET,2,0106000020D70800000100000001030000000100000005000000805C08BF4A252E410078A9C6987008418071DA34C7242E4100640E3274710841805839046A252E410068E2DBD9770841808F81DBEC252E4100AC2E4A0F770841805C08BF4A252E410078A9C698700841
1005210009,304 MULBERRY STREET,1,0106000020D70800000100000001030000000100000009000000800623A51E162E4100EAC9AF76DC0841808D6093C4152E4100A6ADDC51D808410001623DAF152E410072919356D7084100E8D436AF152E410044A04556D7084180F8203D0F152E4100A0F37D37D8084100142F440F152E4100C6E0C937D80841809E2E8631152E41006A6CD2A9D908418091C09487152E4100BAB05B4BDD0841800623A51E162E4100EAC9AF76DC0841
1006450021,51 LITTLE WEST 12 ST,1,0106000020D7080000010000000103000000010000000500000000468EDB68F72D41002A73DBBB850941007714313CF72D41002C35981E860941809D4711A2F72D4100A2DCC6048909410036A5ADCEF72D41000A49A1A188094100468EDB68F72D41002A73DBBB850941
1007370022,413 WEST 39 STREET,1,0106000020D7080000010000000103000000010000000600000000989381BA152E410010A63E46450A418046CF035A152E4100CC3BDC8D420A410031EE8CF8142E4100400E6DCE3F0A4100A8853524142E4100B8C868A3410A41800F562AE6142E410084B4391B470A4100989381BA152E410010A63E46450A41
1008960131,236 EAST 15TH STREET,1,0106000020D7080000010000000103000000010000000600000000CA5C32AF292E4100B292545A32094100C69D214A292E4100D86FBE812F094180A59FB636292E4100D0BAE6AC2F094100472B101E292E4100C69AAFE32F09410023AB1683292E41008480FCBB32094100CA5C32AF292E4100B292545A320941
1010290019,219 WEST 57 STREET,1,0106000020D7080000010000000103000000010000000500000080B70AD22D332E41008A6B8FB8AA0A4180462418C7322E4100E4E9CAEFA70A418063B5151E322E41001EA21465A90A418040E4C880322E41002E42BE36AC0A4180B70AD22D332E41008A6B8FB8AA0A41
1011830028,305 WEST 71 STREET,1,0106000020D708000001000000010300000001000000070000008053FA5498292E41000AE9D678420B4180F53E3688292E410038A0D504420B41801DAB0079292E4100C0706197410B4100286F7332292E41006AECA89B3F0B4100412DBA04292E4100805FBE00400B41806CB89B6A292E4100205CECDD420B418053FA5498292E41000AE9D678420B41
1013110014,678 LEXINGTON AVENUE,1,0106000020D708000001000000010300000001000000050000008032EE27234B2E4100EC130BE3670A4100F9DAC7114B2E410044740866670A4100A91E78A74A2E410010724153680A4100D2CF91B84A2E4100DEE402CF680A418032EE27234B2E4100EC130BE3670A41
1015570004,1830 2 AVENUE,1,0106000020D7080000010000000103000000010000000500000080B65D95377B2E4100A224DF2F6A0B4180C28F97207B2E41009642E388690B4180429DD59A7A2E4100C8BD5EB06A0B4180366BD3B17A2E4100D69F5A576B0B4180B65D95377B2E4100A224DF2F6A0B41
1017000058,275 F D R DRIVE,1,0106000020D7080000010000000103000000010000000B000000002E7E2480932E4100488E3439AC0B410023AD3A6C932E4100CEE556A8AB0B41806D67AC60932E410010382554AB0B418045A7566F912E4100B67F109FAF0B4180EDC02264912E41003AAD1E1BAF0B4100D51202D0902E4100C81FE753A80B41006E037ACA902E41006A8CEE12A80B4100190D3EBE902E41009633992DA80B410045D91968912E4100821FBD10B00B41000891F674912E4100886BEDAEB00B41002E7E2480932E4100488E3439AC0B41
1017850015,231 EAST 120 STREET,1,0106000020D7080000010000000103000000010000000500000080AD39F5B7922E4100B4B6318F2D0C41805B415D54922E410002CCE2BD2A0C4100A51E1D15922E410062F3544A2B0C4180F86CB578922E4100168AA41B2E0C4180AD39F5B7922E4100B4B6318F2D0C41
1018470030,310 WEST 113 STREET,1,0106000020D7080000010000000103000000010000000900000080FCDE0290652E410094E792FF480C41009DBDEB2C652E410036CB0033460C41007529B510652E41003862D071460C41001BD9F5F4642E4100389196AF460C4100874816D7642E4100848A17F2460C4100E7692D3A652E4100DE4EA8BE490C41807B250D58652E41009055277C490C4180D575CC73652E410094D2613E490C4180FCDE0290652E410094E792FF480C41
1019660095,450 WEST 126 STREET,1,0106000020D7080000010000000103000000010000001200000000EB1573EF6B2E41004CCDD684B90C41807C1D2F786B2E4100B837224AB80C41000B6B3E576B2E410042DE105FB70C41001560F1E26A2E410092D8BB1FBA0C4100F66CF7DC6A2E4100A8E8F043BA0C4180C7D554C36A2E4100E2DE4AD6BA0C4100932790966A2E410052908AE5BB0C4100B26F705C6A2E4100DCBAB645BD0C418034B1E3306A2E4100C0FF944DBE0C41804589F7046A2E41005E1DB557BF0C4180110633D8692E41004C2C4E66C00C41007FB69EBB692E4100C2B41D14C10C4180D84FD4A0692E4100C4986FB6C10C41809C99194B6A2E41000C9FBA77C30C41000D3902826A2E4100E4130A2BC20C4100CDE930D96B2E410012CBB30BBA0C4100D8C433D96B2E4100CE52A20BBA0C4100EB1573EF6B2E41004CCDD684B90C41
1021400011,672 RIVERSIDE DRIVE,2,0106000020D7080000010000000103000000010000008D000000000E28047C832E4100288260E6530E4100D3CBFF6D832E410010D2EB2D520E4100FB9E6862832E4100C27D4F72500E4100C1EDCE51832E410082390D844E0E4180AB183948832E4100E2A5B6BF4D0E418043375D40832E4100E8AA81FA4C0E418080EF383A832E4100206451344C0E410068C4CD35832E4100749E616D4B0E410002BA1D33832E4100EA36F6A54A0E410053FD2932832E410074564EDE490E41002AA3FC2D832E410068F7B9EF480E4100DC1AE21D832E4100248ED2E2450E41001F850118832E4100048E97E8440E4100AB8CAF11832E41006C8398B8420E4180D6D6D414832E4100CE62EF3A410E418096AF5726832E4100A69129313E0E4100E46AF636832E4100F033D1B23B0E4100728A463C832E4100CEFE000A3B0E410080C5F941832E4100AA05C4BB390E41807B1CA53F832E41003C2141BB380E41004E77A739832E410010427003380E4100FCED4C31832E4100C8998E33370E4180CDC99DBA822E410010761DEA2E0E418037F019A0822E41007A77CC912C0E418032D1738C822E4100C256EE752A0E41805E18D23A822E410060EBDA931A0E418023D71B36822E410072375821180E410054DB083A822E4100BC02D4E5160E4100858FD78A812E4100421D7954180E4100A831E227812E410088E29323190E4100CA776696802E4100A078461B150E410003727670802E4100EE4060130E0E4180A6712EF87F2E4100F4BBA3BE060E4180683408837F2E410046F2DD7B030E4100B7272EE4802E4100D85CABCEFF0D418021A4F3C37E2E4100DCEBBAC1F40D4100C28AB9997E2E41000AE1D1E5F30D41800A3E3A627E2E4100D4CC88ADF20D4100FBB0063E7E2E4100FCD7D4C8F10D41803EC2B71B7E2E4100520185DFF00D4180F5D755FB7D2E4100BE6DD6F1EF0D41804A08ECDC7D2E410054AA0F00EF0D4100176EB2C07D2E4100A4F6250CEE0D410062A3B6AF7D2E4100AE376773ED0D41005B6AAE9F7D2E410084D480D7EC0D41809890C0907D2E41008C42D839EC0D418028C8F0827D2E41005E26959AEB0D4100FD627D767D2E4100F6AFCFFCEA0D4180BC21B1677D2E41002ED1FE41EA0D410041FE735C7D2E410040201DB4E90D4100152887417D2E41009A5BFC83E80D41001812BB307D2E41006E1B26D3E70D41009E3AA31A7D2E4100FE9881FCE60D41002876FF027D2E410022971D29E60D41809689C7E97C2E4100B8D4AE58E50D4100FED400CF7C2E41003E92558BE40D4180813FB4B27C2E4100C25C58C1E30D418028F8E3947C2E4100C8CCD8FAE20D4100B892D9707C2E41006658651AE20D418079D30C4B7C2E41002E77E63EE10D4100811A83237C2E410048916568E00D4180E79E42FA7B2E4100941B1D97DF0D4180E12659CF7B2E4100CCCA3CCBDE0D4100D8FD58C07B2E410090007E88DE0D41006C71A6A67B2E41000CFA1D16DE0D4180846B8B7C7B2E41001AB91C66DD0D4180550013517B2E4100CE2472BBDC0D410017CD4B247B2E4100F8FD5316DC0D41009DA9E3137B2E41002C6684DDDB0D410082F99EF57A2E41009674AF74DB0D41805BB30FDE7A2E41007A453D23DB0D41804F2145C67A2E410040CFFCD0DA0D41008F378D977A2E410026435625DA0D4100F375296A7A2E410064311774D90D41009AEC213E7A2E4100C2AA72BDD80D4180B3B382137A2E4100BA438801D80D41806C2B91E9792E41005AF7FF3CD70D4180978D2AC5792E410054250A78D60D4100D94C1DA3792E4100C62B2BB2D50D4100A899C182792E4100E43CD1E7D40D41001DD61D64792E4100AEDD3E19D40D41805F413C47792E4100D4BEA146D30D41008C14242C792E4100520D3B70D20D4100CAB9DF12792E410038AA5096D10D4180223571FB782E4100002A02B9D00D41002D1D0EE0782E41004487F39ACF0D4100CA7724C7782E4100F48A6279CE0D410008CCB7B0782E410014669254CD0D41800680D09C782E41000826DF2CCC0D41803B653840792E41003CABE5F1D70D41803C8CB85E792E41003A6EBEFBD90D41809783CB7C792E41003C26B8C4DB0D4100606E4294792E41002A06680BDD0D418027F71DB0792E410042DE4074DE0D4100CC3152C8792E41009E7AF799DF0D41005B3BEEE5792E41005AD73BECE00D41809E4088057A2E4100224C8C3FE20D4180EB23D1227A2E41004206D268E30D41003042373C7A2E410074CAEE5EE40D4100E9E9CC577A2E4100264E415FE50D41007CD6D96B7A2E4100C6790D13E60D41008A18E7837A2E4100887217E4E60D4180D29C930F7D2E4100A0405DF6FB0D4180D462D0537D2E4100D4A2DE38FE0D41805201CE8C7D2E4100CCBF0E3E000E4100C33EF0C27D2E410036C85F4B020E4180EF00AB057E2E410088547E0A050E4100D9EE26527E2E4100E6F03192080E410053C440967E2E4100540478320C0E418074E293D47E2E41008AF08421100E41802E8F01F37E2E410012E04C62120E410018149B0D7F2E41003C4B53AD140E4180D2CC78227F2E410056343EA9160E41808BDE2D3A7F2E4100D8FCA56F190E410032D53F4E7F2E41009E66398D1C0E41007E31C45B7F2E4100267DCFC31F0E4100763FF6617F2E4100F83535E3220E41000E160C607F2E410076E523D4260E4180D52A2B567F2E41005C199F1B2A0E41803894F22D7F2E4100D6730A67300E4180EB7746A97E2E4100CE844104400E4100904F5C9F7E2E4100945CF3A7410E4100C6BBFC997E2E410050A1A8CA420E418015E0A3947E2E4100C2D73255440E4100217F08917E2E410052B69854460E4100D166FC917E2E41000C73CDF4480E4100F8088E9A7E2E4100A855C4DA4B0E4100701E2FAA7E2E4100C2B8CEA04E0E41801EF198B17E2E4100B6791973520E41007C6CC4E17E2E41005652B7DC520E41803E3C5B237F2E4100EE82AE6F530E41806E0C74807F2E410072A22038540E4180134465817F2E4100BCEA443A540E418023C6BEB17F2E41006CBB09A8540E41809719D6DE7F2E4100605104F4540E4180989902FB7F2E4100AA229A1A550E41805568000C802E4100B254DF31550E41807D750932802E4100E2AE8E54550E418047BDDA5B802E41006495AD63550E418081768F86802E41000020C752550E41000E28047C832E4100288260E6530E41
2022947502,556 BERGEN AVENUE,2,0106000020D7080000010000000103000000010000003A00000000FF67266BC22E4100F63B92C6E20C4100DF7955DDC02E4100C82F04BCDF0C418060B6F0AEC02E41004A003C63DF0C4100F3E8F293C02E4100D4FCE135DF0C4100934B0C6CC02E4100885E64FBDE0C410089B7565EC02E410048AF0BEBDE0C41001D930350C02E410022BB65D8DE0C41003AE9ED44C02E4100B06464CCDE0C4180F38E3F32C02E41000A0C8CB7DE0C4180906F8426C02E4100AEDEC9AADE0C4100CA3E2B1AC02E41002462359DDE0C4180EA03B703C02E4100D001848ADE0C4180987C1CECBF2E41007201D878DE0C418072C0D2DCBF2E4100163C4A72DE0C4100B1819DD4BF2E4100F2688B73DE0C41806504C9CCBF2E4100D6DB9C9CDE0C4100CCF802C9BF2E410028B08697DE0C410029683AC5BF2E4100EEC08E92DE0C41007DA86FC1BF2E41002CBAB58DDE0C4100C738A2BDBF2E4100E0EFFA88DE0C4180089AD2B9BF2E410008625E84DE0C418040A100B6BF2E4100A610E07FDE0C418070792CB2BF2E4100BE53817BDE0C4180984D56AEBF2E41004AD34077DE0C4180B7C77DAABF2E41004E3B1F73DE0C4100CF68A3A6BF2E4100CA8B1C6FDE0C4180DEDAC6A2BF2E4100BEC4386BDE0C4180E673E89EBF2E410028E67367DE0C4180E85E089BBF2E41000E9CCE63DE0C4180E2452697BF2E4100688E4760DE0C4180D57E4293BF2E410040C1E05CDE0C4180C3345D8FBF2E410088849759DE0C4180A911768BBF2E41004E886E56DE0C41008B968D87BF2E41008E206553DE0C4180656DA383BF2E41004A4D7B50DE0C41003BECB77FBF2E410078B6AF4DDE0C41000BE8CA7BBF2E4100280C054BDE0C4180D6E1DC77BF2E41004C9E7848DE0C41809C58ED73BF2E4100EC700C46DE0C41005EA2FC6FBF2E410006D8BF43DE0C41001BEA0A6CBF2E410098279241DE0C4100D52F1868BF2E4100A8B7843FDE0C41008A482464BF2E410032DC963DDE0C41003CB52F60BF2E41003495C83BDE0C4100EAF4395CBF2E4100B68E1A3ADE0C418095884358BF2E4100B01C8C38DE0C41003E704C54BF2E410022931C37DE0C4100E3555450BF2E410014F6CD35DE0C410087105C4CBF2E41007EED9E34DE0C4180281F6348BF2E410064798F33DE0C4180C6566944BF2E4100C645A032DE0C418065B96F40BF2E4100A652D131DE0C4180001A753CBF2E4100FA9B2031DE0C4100965E173CBF2E4100C62B1331DE0C4180168FFCBABE2E4100667811EAE00C4180235E8791BF2E410082F6DD48E40C418083D04A2FC02E41005AF356F5E30C4100FF67266BC22E4100F63B92C6E20C41
2023690066,510 WEIHER COURT,1,0106000020D708000001000000010300000001000000060000008079A3AF48CF2E4100905E0A9B540D4180569BBF34CF2E4100C87F39E0530D4180AB0F4D15CF2E410086A42415540D41009E02DD26CF2E41002E01B3B9540D4100BB0D3829CF2E410094CEC5CF540D418079A3AF48CF2E4100905E0A9B540D41
2024320080,316 EAST 165 STREET,1,0106000020D7080000010000000103000000010000001C000000802174DCBCC22E41004E4357FC6B0D41000C2D0C9DC22E41000E89D33A6C0D41007743AB86C22E41001E17C8666C0D4100D028AD28C22E410012EBA2ED680D4100FD9A8799C12E4100CEC98BF9650D41805DE69798C12E4100ECCC62FB650D4100F2BDC4A8C12E4100E8686594660D4180EB22B8B6C12E410080F35D18670D410067CB62C7C12E41007CDD07B6670D4100ADD327D5C12E41006EF94838680D41801B20CFE5C12E4100F24ED3D5680D418096F2E3F3C12E41004EA6075B690D410030265404C22E4100B04CBAF6690D410093EC6212C22E41006C22837B6A0D41008C002E23C22E410012C9601A6B0D4100F645FC30C22E4100563EF99C6B0D41008D9AE740C22E4100FAB091336C0D41804DE26151C22E410008B070CF6C0D41009522D41FC22E41009A4CC5306D0D41805C7C27DFC12E41000EF4CBAF6D0D4180A684E79FC12E4100B204072C6E0D4180CDC939EDC12E4100D6BF91E2700D4180624AFE2DC22E4100F247F973700D41809C603870C22E41006C2AE302700D4180B8739BB0C22E41001001F2946F0D4100B4C271F0C22E4100520BF0276F0D4100237E943DC32E4100BC053AA46E0D41802174DCBCC22E41004E4357FC6B0D41
2025410159,1353 EXTERIOR STREET,1,0106000020D7080000010000000103000000010000000900000080C6B623B2A32E410058DBFFB61A0E4180412AAD5BA32E41008C5DB8A2170E41802DD7D859A32E41009CF00094170E41004D61E8B2A22E4100A0E0DD83180E41004D61E8B2A22E4100F6A86D92180E418012250AB1A22E41000C2A5AA6180E4180917B4AADA22E4100161C56D3180E4100AAF1C8E1A22E410036DB422E1C0E4180C6B623B2A32E410058DBFFB61A0E41
2026150004,1232 FRANKLIN AVENUE,1,0106000020D7080000010000000103000000010000000700000000F0651D92DB2E41003C74DA56840D410053111C78DB2E41001EB271E0830D4180CC1CB777DB2E41002A1BA6DE830D41805E1AD6D6DA2E4100FCE02C06860D4100E4E33AD7DA2E4100022CFD07860D4180C07F0AF1DA2E4100AE400F7F860D4100F0651D92DB2E41003C74DA56840D41
2027110128,909 BECK STREET,1,0106000020D70800000100000001030000000100000009000000807E782966EC2E410076189BF20F0D4180B2B9F465EC2E4100C21335160F0D41803F0F80CAEB2E41001A93EBF80B0D4100CF0B342CEB2E4100BAA9C1E60D0D4180FE02B250EB2E410090BA009F0E0D4100288BE48AEB2E41006A43D8C40F0D410010F3D891EB2E410046CFF5E70F0D41801AA3DB91EB2E41000E11C2F20F0D41807E782966EC2E410076189BF20F0D41
2027630335,1340 LAFAYETTE AVENUE,2,0106000020D708000001000000010300000001000000090000000070C95CD6022F4100D230D7D0E90C4180D2475DEA022F410084CD0B45E80C41804B7C63FE022F41008288CFB8E60C41006BFD70C5032F4100E2B94755E70C4180652345D7032F4100B6718CF0E50C4180DB601F4A022F4100E2E55CB8E40C4180E227A7E7012F410088ECDE54EC0C41800218ACAD022F4100F87302F6EC0C410070C95CD6022F4100D230D7D0E90C41
2027770172, RYAWA AVENUE,1,0106000020D708000001000000010300000001000000070000000061E22FF4012F41005C4D4C05630C4100E1602DD9012F4100B8CF5A1A650C4100068C99EC012F4100B2A81D2A650C41800D925BDD012F41008878EE56660C41002F959EF3012F410070EEFF68660C4180A73BDF1D022F41003CF01F27630C410061E22FF4012F41005C4D4C05630C41
2028870114,396 EAST 171 STREET,1,0106000020D70800000100000001030000000100000006000000809DB0C72DD42E410006D2B06BE00D418096FB6B1BD42E4100BAA20FD9DF0D4100ED05699ED32E41009EF79FD7E00D4180B3B154A5D32E4100A875631CE10D41806BEF33ABD32E41001C96214EE10D41809DB0C72DD42E410006D2B06BE00D41
2029960005, VYSE AVENUE,1,0106000020D708000001000000010300000001000000050000008078A0131CFD2E4100FAD188C1AA0D4100C1317006FD2E4100443F8800AA0D4180342DB74CFC2E41001436194CAB0D41802468AB62FC2E41009EFE890CAC0D418078A0131CFD2E4100FAD188C1AA0D41
2030530028,510 EAST 185 STREET,1,0106000020D7080000010000000103000000010000000700000000DF2CA4C2F42E4100CCD6AAB7A20E4180667AC021F42E41005804DF7BA40E41803D69A000F42E4100E498C7BDA30E41003989E668F32E4100C6EE3868A50E418060AD6CF9F32E41007A2B10D3A80E41008E35F038F52E41002CD5805EA50E4100DF2CA4C2F42E4100CCD6AAB7A20E41
2031280122,946 EAST 181 STREET,1,0106000020D7080000010000000103000000010000000500000000051A3A6E0C2F4100AC61E488290E4100930B3FE10B2F4100305C0041260E4100FF5C90C10B2F4100007A6A9B260E418086F6904E0C2F4100F6136EE3290E4100051A3A6E0C2F4100AC61E488290E41
2032200051,2553 UNIVERSITY AVENUE,1,0106000020D7080000010000000103000000010000000F00000000DC12A75DDD2E41007A99BE072B0F4100035E44DEDC2E41001620F284270F4100B7276490DC2E4100528F8A35280F4100E828D09BDC2E41001EB32186280F41006656D088DC2E4100CE2D37B1280F4100A21E897EDC2E41003C2DB268280F4180F6C7D612DC2E41001E2AEB5C290F4180A24C0A77DC2E41007021EA1F2C0F4180800480BBDC2E4100C88A3F872B0F41002E8843D5DC2E410016AE073D2C0F41801EDC8722DD2E41002E00D08D2B0F41009E15BA24DD2E41004CD8B96B2B0F418062A9C53EDD2E4100CABFA9302B0F41000A5F3647DD2E41005CAEA13A2B0F4100DC12A75DDD2E41007A99BE072B0F41
2032860037,2584 BAINBRIDGE AVENUE,1,0106000020D70800000100000001030000000100000005000000802D0F174DF22E4100E2006D23FF0E41809E9F9D33F22E410062B33634FE0E4100AB4C2A9CF12E410076AFF03DFF0E41002C1B13B4F12E4100987BE62F000F41802D0F174DF22E4100E2006D23FF0E41
2033690032,129 EAST 233 STREET,1,0106000020D7080000010000000103000000010000000500000080C9F7CF6E1F2F41007576169E3B104180D576213B1F2F41001FF0FB7E3B1041002B6481251F2F4100922701B53C1041008500535A1F2F4100D268CDC33C104180C9F7CF6E1F2F41007576169E3B1041
2037000058,2351 QUIMBY AVENUE,1,0106000020D7080000010000000103000000010000000500000080DF33CCA2592F41006C6E8FAF5E0D41808B0E6172592F4100FC6E8D8C5E0D4180BCEFB94D592F41003A26F3B7610D41801015257E592F4100AC25F5DA610D4180DF33CCA2592F41006C6E8FAF5E0D41
2039230015, WHITE PLAINS ROAD,1,0106000020D70800000100000001030000000100000006000000807035F96F2F2F4100AAFC736DED0D4100C08C5AD12E2F410024F09219ED0D41000295DECF2E2F41001C2E8A46ED0D41002997B4C92E2F410078803F01EE0D4100DA6A53682F2F410000392155EE0D41807035F96F2F2F4100AAFC736DED0D41
2040700166,1529 WILLIAMSBRIDGE ROAD,1,0106000020D708000001000000010300000001000000050000008096068E6A532F410004F1A749290E418021DC5D14532F41007EE00DC82A0E4180628D6EE2532F4100781ED7512D0E4180FEBE4C35542F41008242FAC82B0E418096068E6A532F410004F1A749290E41
2045140010,2726 MATTHEWS AVENUE,1,0106000020D70800000100000001030000000100000005000000004A8FE97C332F41005214700F200F410078C0EC7B332F410008B7355B1F0F4180C3939EB1322F410088C4126A1F0F4180BEF7A5B2322F4100D0754C1E200F41004A8FE97C332F41005214700F200F41
2046720050,820 EAST 214 STREET,1,0106000020D708000001000000010300000001000000050000000013774D5F362F4100C63DB670AD0F4100E6B23B12362F4100E45D4085AA0F410035AD1FD7352F4100A44967E7AA0F4180BE4B4924362F4100024DC4D3AD0F410013774D5F362F4100C63DB670AD0F41
2048720048,1014 EAST 226 STREET,1,0106000020D7080000010000000103000000010000000700000080536492BC4B2F410022ECC9D7F80F4180DF0BB6684B2F41002C63FBACF50F4180817FD9584B2F4100CCC181C7F50F41804ABDB4204B2F4100FE746125F60F4100E965720C4B2F41000C304147F60F41005E144F604B2F410002B90F72F90F4180536492BC4B2F410022ECC9D7F80F41
2049980074,724 EAST 235 STREET,1,0106000020D70800000100000001030000000100000005000000809F7C6F38412F410032184ED92F10410023281D60412F41007C3B4CAD2E104100225CA049412F41000B76E2402E1041001C1ED312412F41008B4A69F82F1041809F7C6F38412F410032184ED92F1041
2052700018,3489 ROMBOUTS AVENUE,1,0106000020D70800000100000001030000000100000006000000800382684F7A2F4100C63C00EDDA0F41808A13BA8E792F410074966C9DD90F4180ACFF0378792F4100F8A28071DA0F410039176468792F4100820F6B03DB0F4180DCCA5F297A2F4100DE178553DC0F41800382684F7A2F4100C63C00EDDA0F41
2054860005,614 CLARENCE AVENUE,2,0106000020D708000001000000010300000001000000050000000082D24FDB9C2F4100D4931CBB6D0D418011B035529C2F41002AADE75A6C0D41800336CC369C2F410056782D026D0D4100EA8B81D69C2F4100B47F769C6E0D410082D24FDB9C2F4100D4931CBB6D0D41
2056340001,499 CITY ISLAND AVENUE,1,0106000020D7080000010000000103000000010000001400000000EB876957D12F4100363468967A0E418042E81803D02F41003CD4213E790E4180DAE395F6CF2F4100422F7931790E41007828F8F5CF2F41004E958241790E4100C13B41EDCF2F41004403E65C790E41800BD08AE4CF2F4100E250625F790E41001AE9A8AACF2F4100A01E1B2B790E4100CB7C4473CF2F410056E8D1F6780E4100BFAFDA40CF2F41008C7795B8780E410057713B40CF2F4100B270BA95780E41007157C338CF2F410090904989780E41001557C11CCF2F4100B2DD6D66780E41804A79D10DCF2F41006E3E7361780E41802B4E7B04CF2F4100B270BA95780E4100288AADF3CE2F4100AAB0B70F790E41000AB557EACE2F4100385895A7790E41005B56E8E9CE2F41005AB3C3B3790E4100ADF257ECD02F4100CC982DBC7B0E41805A7FF727D12F410026327EF87B0E4100EB876957D12F4100363468967A0E41
2057860196,3216 JOHNSON AVENUE,1,0106000020D7080000010000000103000000010000000B00000000A2F03510CC2E41007A286FE3E90F41004A9B0A06CC2E4100D4916E40E90F418030F2EC79CB2E4100DA6B64C8E90F4100071E6A45CB2E4100F85B33E0E90F41801A86F345CB2E410050F45600EA0F4100678B8B46CB2E410098847620EA0F4100EB023247CB2E4100CCB49040EA0F4100A842E747CB2E4100EC30A660EA0F41809CC9AA48CB2E4100FCF8B680EA0F418026F39449CB2E41002ADE2BA4EA0F4100A2F03510CC2E41007A286FE3E90F41
3000560037,199 YORK STREET,1,0106000020D708000001000000010300000001000000050000008031FFF5462F2E4100AEBAD123CA074100A5ED6C422F2E410084F5276DC807410020D2ADDB2E2E41000E99A57FC8074100AE6437E02E2E4100A03E6A36CA07418031FFF5462F2E4100AEBAD123CA0741
3002970048,193 CONGRESS STREET,1,0106000020D7080000010000000103000000010000000A000000807ECF5306152E4100325A623F34074100E48F73FF142E4100882342F4330741005B00FDBF142E4100AA9CD13E310741804B7EA38F142E41003A7944853107410073F78BA2142E4100C2D3A9533207410045F68BAB142E4100387400B6320741801F9385B3142E4100605D250D330741009BFB7AC5142E41008E0C5FD1330741007224FBD5142E4100208EAB85340741807ECF5306152E4100325A623F340741
3004070013,572 BALTIC STREET,1,0106000020D708000001000000010300000001000000050000008062D7FEB82F2E4100B0A0BE86E006410067FB9F592F2E4100C85B41A2DD0641805EDF0E2A2F2E410014FB4103DE06410066C170892F2E41005C1CD8E7E006418062D7FEB82F2E4100B0A0BE86E00641
3005190012,26 DELAVAN STREET,1,0106000020D708000001000000010300000001000000070000008047432368FB2D41007A122B1ECF0641802D10B858FA2D410022105A52CA06410099FDE3B2F92D4100B00D2AA3CC06410010707B3BFA2D41004C34100DCF064100BF3EABBDFA2D4100B2A3A93BCD064180D3399C44FB2D41006A31189ECF06418047432368FB2D41007A122B1ECF0641
3005810001,98 LORRAINE STREET,4,0106000020D7080000010000000103000000010000000500000080349EC090FF2D41007ED7DD2B8C064100BA903A53FE2D4100CE7477BB7E064180D0983757FB2D4100D40D37158306418073947492FC2D4100DAF78B8890064180349EC090FF2D41007ED7DD2B8C0641
3006570059,169 27 STREET,1,0106000020D70800000100000001030000000100000005000000801C12F8AA092E41004284F070F3054100C8A1B72B092E410068B1DCE4F005410019FAB60A092E41007E314E4DF10541806C3FF789092E4100545861D9F30541801C12F8AA092E41004284F070F30541
3007720043,4826 3 AVENUE,1,0106000020D70800000100000001030000000100000005000000003B85C5D2EA2D4100C21FE3CE6D0541802457ECB1EA2D41001C04A02B6D0541005DCD4713EA2D41009A2426206F05410073D02034EA2D410044EC69C36F0541003B85C5D2EA2D4100C21FE3CE6D0541
3009390040,296 FLATBUSH AVENUE,1,0106000020D708000001000000010300000001000000070000000060D61951432E4100183DAA68BE064180C052A803432E4100A4A4D2B9BD0641806C0494DD422E4100001E7C92BC064180D92D3BB1422E410074F819EEBC0641809E1170DF422E4100FA327954BE06418002B87338432E41007A046F1DBF06410060D61951432E4100183DAA68BE0641
3010310071,29 14 STREET,1,0106000020D7080000010000000103000000010000000500000080FE4C4015102E41003C06E1826406418059901FF00F2E4100AA8B54E164064180417E8860102E410004F20AA367064100E60FA985102E410094C0964467064180FE4C4015102E41003C06E182640641
3011340039,1096 PACIFIC STREET,1,0106000020D7080000010000000103000000010000000900000000DACA6981682E4100326D0ABEC20641001261D812682E4100BE441F85BD06418069D791F8672E4100FE17E0A1BD0641003F13AEDE672E41006E33802CBC06418052316179672E41004A2C599BBC064100F08021AA672E41006EA06B5ABF06418021C819A0672E4100FC9E6B65BF064100492638E7672E410036171567C3064100DACA6981682E4100326D0ABEC20641
3012030030,1504 ATLANTIC AVENUE,1,0106000020D7080000010000000103000000010000000800000000833467C7872E410096475F27BC064180B4B63CB9872E41002295A70AB9064100FD161375872E41009A196B1EB9064100ACA4C475872E410068B46545B9064100494AA830872E4100F0C56F59B90641007F44D033872E4100B8B4F20ABA064180600B1F3E872E41009AD7A94EBC064100833467C7872E410096475F27BC0641
3012840037,1332 PRESIDENT STREET,1,0106000020D70800000100000001030000000100000005000000802A085D877F2E41000CAC2E00480641007D8118757F2E41001CDDAEF943064100C7F4B8397F2E4100C01EA60A440641007325FD4B7F2E41007E291911480641802A085D877F2E41000CAC2E00480641
3013460001,149 ALBANY AVENUE,1,0106000020D7080000010000000103000000010000000500000080A58286008F2E4100283C5B9FA2064100EBA1C0FD8E2E4100BEFF0700A2064180B70A3E408E2E4100160A6636A2064180776E05438E2E41009E2F03D6A2064180A58286008F2E4100283C5B9FA20641
3014370046,2435 PACIFIC STREET,2,0106000020D70800000100000001030000000100000007000000801970EC0AD72E4100407CA6A7A206418078E2D232D72E41007C88569CA20641808099D326D82E4100CC302657A2064180FF587217D82E41006895CC0F9F0641007E6AC744D62E4100587D1E949F064100FFAA2854D62E4100BEC478DBA20641801970EC0AD72E4100407CA6A7A20641
3014710005,511 HOWARD AVENUE,1,0106000020D7080000010000000103000000010000000500000000F8FF3343B82E4100CE7D471367064100C2639040B82E41009486955F6606418051794E7DB72E41004659029566064180B4ACFD7FB72E4100784CB24867064100F8FF3343B82E4100CE7D4713670641
3015320018,146 MAC DOUGAL STREET,1,0106000020D7080000010000000103000000010000000600000080A7FAFACFC12E410046468F74CE064180C6A463B5C12E4100023F3564CE064100721A9EAFC12E41004625A860CE06418065475D91C12E410030524886D1064100A054BBB1C12E4100C892149AD1064180A7FAFACFC12E410046468F74CE0641
3015570028,1923 ATLANTIC AVENUE,1,0106000020D70800000100000001030000000100000005000000806AEE7776B62E4100D81A2F7AB506410091515369B62E410084AECAB2B20641003CCB8907B62E410024AFCCCCB20641003DA7B814B62E4100AEAF5096B50641806AEE7776B62E4100D81A2F7AB50641
3016100052,329 VAN BUREN STREET,1,0106000020D7080000010000000103000000010000000A000000807741692C982E4100A6CD6350570741804217131C982E4100685F814657074100572F0A22982E410048D607A8560741801B9EEC27982E41003C25A50B56074100FA75043B982E41004E064A10540741802F60F609982E4100569B92F253074100388F36EB972E410084A8A323570741007A301CE6972E410028213EAB57074180A866B906982E41008241FABE570741807741692C982E4100A6CD6350570741
3016760015,392 MAC DONOUGH STREET,1,0106000020D7080000010000000103000000010000000800000000CE4BA0039F2E4100C0817680EC06410030D9FAEC9E2E41006E21F072EC064180B93C3FC39E2E4100FCF4025AEC0641002FD65E9D9E2E410076B96343EC06418039442A8F9E2E4100A26CE73AEC0641008515E66D9E2E41000AB4167DEF064180179C5BE29E2E41002AC9A5C2EF064100CE4BA0039F2E4100C0817680EC0641
3017160015,25 SPENCER STREET,1,0106000020D708000001000000010300000001000000050000000070FF46F6692E410068635A45A4074180FC89542D692E4100CA8D12CFA307418078D13726692E4100269F7C88A4074180EC712AEF692E4100C620C5FEA407410070FF46F6692E410068635A45A40741
3017760029,188 PULASKI STREET,1,0106000020D708000001000000010300000001000000050000008096D539C7822E41009E112DED630741809708D1A3822E41002CCBDDD7630741807BA0C584822E4100E4F6FE15670741807A6D2EA8822E410058E94E2B6707418096D539C7822E41009E112DED630741
3018460001,195 MACON STREET,1,0106000020D708000001000000010300000001000000050000008039EFC941842E410024AF6411EA064180B740ECDE832E410072C23FD5E9064100DD5FFBD7832E41002EBA7294EA0641005EE3D83A842E4100E0A697D0EA06418039EFC941842E410024AF6411EA0641
3019000012,93 SKILLMAN STREET,1,0106000020D708000001000000010300000001000000050000008080170BEC662E4100DA8B4BF8850741006F5DB623662E410020E71B7E8507410048772D1C662E4100123CD34386074180525880E4662E4100C88801BE8607418080170BEC662E4100DA8B4BF8850741
3019747502,140 QUINCY STREET,1,0106000020D70800000100000001030000000100000005000000001659E0126A2E4100F862CD1719074100C97FB0E1692E4100E666CDF918074100E0A0A9C1692E4100D6C5DD3B1C0741803328DBF2692E4100EE19DF591C0741001659E0126A2E4100F862CD17190741
3020180062,909 ATLANTIC AVENUE,1,0106000020D7080000010000000103000000010000000E000000807E4AAC915A2E410000940F35E30641805E219AB65A2E410050EF8F0CE3064100A4BDAADC5A2E4100D0CDD1E2E206410080F45D025B2E4100DCCD79B9E20641802F6A17ED5A2E41000E80937AE10641806B28B7F65A2E41003C670670E1064100335C28155B2E410010A6A34EE1064100B79A73295B2E4100F67B6238E1064180977A35F55A2E410044624D29DE06418033A672C25A2E41001E3C9360DE0641001A92BA8E5A2E4100FED5E398DE0641003B7C29305A2E410060B8DBFFDE0641000982C6795A2E410062F9434FE30641807E4AAC915A2E410000940F35E30641
3021420005,310 BROADWAY,1,0106000020D7080000010000000103000000010000000500000000ED804F4D652E4100627323D513084100AF14B171652E410060B6052915084100CD355775652E41000099762215084100C2046751652E4100FC41B5D213084100ED804F4D652E4100627323D5130841
3022450005,415 MARCY AVENUE,2,0106000020D7080000010000000103000000010000000D00000000731A5B54732E41006AA5906EC90741000F51F652732E4100107FD269C907418098DC2217732E4100BC43529EC80741800DA7D09A732E410014603836C6074180FD407E00732E4100281D4A29C407418089A1D07C722E4100D2AC6491C607410050F60D58722E410044EA633DC70741008BFC2CBD722E41000A555A95C8074100BC5104DD722E41001490A901C9074180E30409E4722E41000691D2E0C80741804E7B321B732E4100C2CAFECCC907410024759B30732E41008668D215CA074100731A5B54732E41006AA5906EC90741
3022730012,672 BROADWAY,1,0106000020D70800000100000001030000000100000005000000001E412528822E4100A47451CACE0741003A185EAC812E4100AC02FD23CD07418034D61094812E4100D0B18696CD074180B0D90409822E4100B0E99125CF0741001E412528822E4100A47451CACE0741
3023350006,NORTH 6 STREET,1,0106000020D70800000100000001030000000100000005000000805EFBA392612E41002669A9B682084180B3C4D951612E4100A09D597881084180AC8B4D04612E4100B6EAE5748208410057971745612E41003EB635B3830841805EFBA392612E41002669A9B6820841
3023990017,399 HOOPER STREET,1,0106000020D70800000100000001030000000100000005000000800FC051A3712E4100FECAB83D31084180BA1A7C75712E4100E04BD495310841808DA95A91712E4100E08254823208410001472DCD712E410042B1EDA0320841800FC051A3712E4100FECAB83D310841
3024500012,SOUTH 4 STREET,1,0106000020D7080000010000000103000000010000000B00000000695E0FBD6C2E41007C3CF2361A084100A20D0C676C2E4100B07C8E6B17084180F95C9E666C2E4100E077616C170841006D286E5D6C2E41003454F51F17084100EA3609466C2E4100760E004D170841008AD5C0216C2E4100BEBCDB9217084100C4B358046C2E4100CC477ACB17084180A15AD70C6C2E41002A3922121808410093542A176C2E41005C3DFF671808418018648C636C2E4100442B4AE31A084100695E0FBD6C2E41007C3CF2361A0841
3025240054, HURON STREET,1,0106000020D70800000100000001030000000100000005000000802DE8DD71722E4100C812E6AE34094100C9E81A3F722E4100AC120F96340941802B252226722E4100B2F030A4370941007797DE58722E4100EA37D6BD370941802DE8DD71722E4100C812E6AE340941
3027140033,470 MANHATTAN AVENUE,1,0106000020D70800000100000001030000000100000006000000803D7228BF7B2E4100D416A40FA10841809592EC057B2E41004CE9E6C09E084100BC3FD4C47A2E4100622EC904A0084180D921C4B27A2E41004050A936A2084180C209AF6F7B2E4100BCC0129BA20841803D7228BF7B2E4100D416A40FA10841
3029160029,870 METROPOLITAN AVENUE,2,0106000020D708000001000000010300000001000000060000000069F8B5C08B2E4100BA4B35DD5D08410004E5C0B58B2E41003C74EAB65A084100768377838B2E410018DFF5C05A0841004BDE61548B2E41007C035ECA5A084100D705615F8B2E4100F4D6A6F05D08410069F8B5C08B2E4100BA4B35DD5D0841
3030190076,311 MAUJER STREET,1,0106000020D7080000010000000103000000010000000500000000143678B9912E4100EE0CA37542084180F9C3668A912E4100DECB28324208410003905D44912E410044F1ED39450841801D026F73912E41005632687D45084100143678B9912E4100EE0CA375420841
3031330016,336 ELLERY STREET,1,0106000020D7080000010000000103000000010000000500000080A3208A518E2E41000ECE45E6B6074100802374318E2E410018595538B6074100341D518F8D2E410030B9F914B8074100B39A3CAF8D2E41000CD467C3B8074180A3208A518E2E41000ECE45E6B60741
3031890001,35 WYCKOFF AVENUE,1,0106000020D7080000010000000103000000010000000500000080E3A62891B22E41003E34AEDE010841008DAD8E16B22E41008817CC66FF07418057FBB2EEB12E410078870CE9FF0741004FE16D68B22E4100C6FA6E5C02084180E3A62891B22E41003E34AEDE010841
3032450126,1374 DEKALB AVENUE,1,0106000020D70800000100000001030000000100000005000000801E479E69AE2E410038528E08AD074180B93DC24AAE2E4100348E2163AC074180972D8C17AE2E4100BAD378FAAC074180FB0B6836AE2E4100C097E59FAD0741801E479E69AE2E410038528E08AD0741
3033130012,424 EVERGREEN AVENUE,1,0106000020D70800000100000001030000000100000006000000802587CC1CB32E41003C17EEA96707410076233FBDB22E4100641120B7650741006524BEA6B22E4100E482A641650741803C139E85B22E4100CC4865A565074180D53EFBF6B22E4100628E2EF5670741802587CC1CB32E41003C17EEA9670741
3034200046,25 SCHAEFER STREET,1,0106000020D708000001000000010300000001000000060000008052C0A34BC72E41000A0780840F074100E252402CC72E41000E1D80DC0E074100478A118BC62E4100AE9430BE100741802832D08BC62E41001EE42DC210074180B7F774AAC62E4100A6D22F661107418052C0A34BC72E41000A0780840F0741
3035240001,137 OSBORN STREET,1,0106000020D7080000010000000103000000010000000800000000761B146FD02E41000EFAC2D15806410003B31C3ED02E41001AFA6AA85806418090B44409D02E410066B9C77B58064180D504BFD8CF2E4100D06ECA52580641007403E6AACF2E4100FC54102C58064100396C04A1CF2E4100885B20F0580641803BAF3265D02E41009EACD39559064100761B146FD02E41000EFAC2D1580641
3036220019, AMBOY STREET,1,0106000020D708000001000000010300000001000000050000008048AED4C6CA2E41009CB150B8C90541006812FA03CA2E4100A40FCB1EC905410095A844FCC92E410010FBCABBC9054180882324BFCA2E410016A55455CA05418048AED4C6CA2E41009CB150B8C90541
3036780010, POWELL STREET,1,0106000020D7080000010000000103000000010000000700000000E767F51BD92E410012D290658F0641007D6FAC57D82E41001A300BCC8E0641805F96144ED82E4100845354908F0641804D07EB8AD72E4100F21CAFF78E064180B60F7D17D72E410022465D3198064180C2D9F984D82E4100D8D52F669B064100E767F51BD92E410012D290658F0641
3037030015,340 LIBERTY AVENUE,1,0106000020D70800000100000001030000000100000005000000003C8611FCE72E41000C74C0F48F064180A27A89D9E72E41006AA004B892064100FCFF4E05E82E4100F62047DA92064180C423E327E82E4100EE641016900641003C8611FCE72E41000C74C0F48F0641
3037190004,191 GEORGIA AVENUE,1,0106000020D7080000010000000103000000010000000600000080CE04A2BCE72E41006AB5A2D37C064100DE3BE8BCE72E410008A81BCE7C06410073FE11F7E62E4100D01FCD2D7C064180F3F6A2EDE62E4100B2EABEEB7C064100608A79B3E72E4100D612088C7D064180CE04A2BCE72E41006AB5A2D37C0641
3037670010,291 HINSDALE STREET,1,0106000020D70800000100000001030000000100000005000000002A4582E5E32E41005825095B4C064180C9B36C1FE32E4100DC3E61C14B064100A825E517E32E41001242425C4C06410009E2FADDE32E410092D4EAF54C0641002A4582E5E32E41005825095B4C0641
3038540012,287 NEW LOTS AVENUE,1,0106000020D708000001000000010300000001000000050000000097A3CAD0EB2E410084E019D8FA05410027ACF6A3EB2E41001016036EFA054180625B2181EB2E4100BA40473EFD054100D4E051B1EB2E41004A6ADE62FD05410097A3CAD0EB2E410084E019D8FA0541
3039440006,3071 FULTON STREET,1,0106000020D708000001000000010300000001000000050000000096FEB2430A2F4100C408A1BFE00641007893BA170A2F4100A4DC3076E00641809DCD55FB092F4100040D46D8E2064180B7541C290A2F41002007F0FAE206410096FEB2430A2F4100C408A1BFE00641
3039790033,573 GLENMORE AVENUE,1,0106000020D70800000100000001030000000100000005000000008EBA67B0F92E4100A07FB0C693064180AF6F547FF92E41007C9B66A093064100ED24ED61F92E410056BB9E0A96064180A5B1F692F92E410098E6B631960641008EBA67B0F92E4100A07FB0C6930641
3040070041,2535 PITKIN AVENUE,1,0106000020D7080000010000000103000000010000000500000000A5E5F98D102F41007E64D8FC96064100F3347355102F4100902737D29606410039045939102F41001427071499064100EBB4DF71102F41000264A83E99064100A5E5F98D102F41007E64D8FC960641
3040600015,842 BLAKE AVENUE,1,0106000020D7080000010000000103000000010000000500000080BC1530DCFD2E4100D43D68E553064180E245F0B4FD2E4100788E8EC653064180DF44C398FD2E4100744F940356064180BA3F03C0FD2E4100D0FE6D2256064180BC1530DCFD2E4100D43D68E5530641
3041450066,200 PINE STREET,2,0106000020D70800000100000001030000000100000005000000008E9CE83E1D2F41001A1831F1E8064180CE91167C1C2F41001A07F458E806410041A961721C2F4100B6494D25E9064180050C35351D2F4100BCB28BBDE90641008E9CE83E1D2F41001A1831F1E80641
3042090004,443 LOGAN STREET,1,0106000020D7080000010000000103000000010000000600000080B4257C74162F4100CCAAF2B4A0064100CC8F0675162F41003423AEA9A00641006569E6AD152F410002D67D14A006418000ECD1A6152F410090B4F6A7A006410067E7F16D162F4100C401273DA1064180B4257C74162F4100CCAAF2B4A00641
3043060001, NEW LOTS AVENUE,1,0106000020D70800000100000001030000000100000005000000002E3BA058FE2E41000C556C2E20064100D6F7E635FE2E4100C0D9FEDE1F0641804A411BDDFD2E4100DA204B5122064180A284D4FFFD2E41002A48B9A0220641002E3BA058FE2E41000C556C2E200641
3043630056,825 ESSEX STREET,2,0106000020D7080000010000000103000000010000000500000080394357A2142F410086ECCC4E1C064100D896E0F6132F41003CA0B7C11A064180CA76F7BC132F41000A7FC1581C0641002C236E68142F410054CBD6E51D064180394357A2142F410086ECCC4E1C0641
3044520287,483 VANDALIA AVENUE,1,0106000020D70800000100000001030000000100000005000000800CD37CFA182F41004E0ABEAEBB054100A60D01C1182F410082F5552EBB05410050FF7366182F4100442DF0A4BD054180B6C4EF9F182F410010425825BE0541800CD37CFA182F41004E0ABEAEBB0541
3044620043,661 PINE STREET,1,0106000020D7080000010000000103000000010000000500000080FFDF698C252F41006A59F719590641809C88C6C4242F4100DC87847F580641001B55C1B8242F41008A55267A590641007D816480252F4100162799145A064180FFDF698C252F41006A59F719590641
3045470044,915 PINE STREET,1,0106000020D7080000010000000103000000010000000500000000EEE4E610292F4100E0F5795A0F064100B24CE34B282F4100548C3BC60E0641009CC45E44282F410056C461630F064180D6066209292F4100E02DA0F70F064100EEE4E610292F4100E0F5795A0F0641
3047100039,8910 CHURCH AVENUE,1,0106000020D70800000100000001030000000100000005000000800472119BB62E41002A8AAAE997054180B0C8BB8BB62E4100782F4FB6970541001F415A0AB62E4100D20763189A0541007415B019B62E4100860EBF4B9A0541800472119BB62E41002A8AAAE9970541
3048260076,93 EAST 46 STREET,1,0106000020D708000001000000010300000001000000070000000065692A0B972E4100DCED05FEEE0541809234500E972E4100549EFE60EE05418074D8CC0E972E41007018BA48EE0541803A340349962E4100DC9F4E03EE054100E2C1C944962E410036DFFBD3EE05410045D09D0A972E4100DA5F6B19EF05410065692A0B972E4100DCED05FEEE0541
3050100043,3514 FARRAGUT ROAD,1,0106000020D7080000010000000103000000010000000500000000B1BAB4D7852E41007C614533E2044180C6F725AF852E410020687224E2044100DF8A2EA0852E4100D04F9607E5044180C822BDC8852E41002C496916E5044100B1BAB4D7852E41007C614533E20441
3051070093,51 VERONICA PLACE,2,0106000020D708000001000000010300000001000000050000008070664D39702E4100CE3421087605410042131EE16F2E41002AE6F8F875054180D294DEDC6F2E4100BCDF5E2A7705418001130E35702E410062DA87397705418070664D39702E4100CE342108760541
3052250028,2671 BEDFORD AVENUE,2,0106000020D7080000010000000103000000010000000800000000B0579AE16E2E4100186DDBFDEF044100D21CBDE46E2E41006A18D6A6EF0441009536121B6E2E41002AD12A31EF044100AB54B5076E2E410000B1BD4AF10441805496087F6E2E4100623E5E90F10441009D1173A06E2E4100D039DDA3F1044100E8437AD46E2E41006C8F41F8EF044100B0579AE16E2E4100186DDBFDEF0441
3053810058,1669 42 STREET,1,0106000020D7080000010000000103000000010000000600000000DF24A51A362E4100AAAE91D5CA04418060C00932362E41007E749A8BCA044100DC6569B0352E410034F7DBFDC7044100D0C0A98A352E4100D2E6B075C80441001B533B0C362E4100FA222403CB044100DF24A51A362E4100AAAE91D5CA0441
3054620043,5223 15 AVENUE,1,0106000020D7080000010000000103000000010000000700000000EEC895813A2E4100080DFD3B600441806923AC693A2E410064ECE4C35F044100D489DD4D3A2E410012043D385F0441809E4A33AA392E4100C88B223E610441802E8C00C6392E41002C28CFC961044100AED9E8DD392E4100DE50EB4162044100EEC895813A2E4100080DFD3B600441
3055250036,1772 61 STREET,1,0106000020D7080000010000000103000000010000000C0000000000989EDF222E41001C6E1D613B0441800CF0C8C5222E4100CA173FDE3A04410090F7F4A0222E410076F049233A044180E0D6E394222E4100621D87E63904418039A39D7A222E410094BA77613904418093521E61222E4100E07A4FE038044100F811A857222E410048A365FE3804418060432936222E4100503FE5683904418076F96C17222E41006CFD9FCA39044180A6159012222E4100403D16DA390441807735E890222E41006A45195A3C04410000989EDF222E41001C6E1D613B0441
3056440012,814 50 STREET,1,0106000020D7080000010000000103000000010000000600000080BABDFC3A022E4100C4C4FCCE150541801C1B0EC0012E410074D6076113054180EB36B0AE012E41000A383C9813054100D6E5C6A2012E4100884219BE130541003C16A71D022E4100BCF3C42B16054180BABDFC3A022E4100C4C4FCCE150541
3057190070,1317 61 STREET,1,0106000020D70800000100000001030000000100000007000000805AD4F9E80C2E410022C00C5F870441809AD754270D2E41007614AA99860441801A1596A90C2E4100C8152C1E8404410038F9C14A0C2E4100269F594A85044180209F6D7E0C2E410070697A4F86044100B8BB80C80C2E4100D2F1D6C5870441805AD4F9E80C2E410022C00C5F870441
3058060097,2 AVENUE,1,0106000020D70800000100000001030000000100000005000000005CF24906D22D41000AD8CE9817054100481AC2A2D12D41006C22FEA315054180537E0347D12D41001431C2B916054100CEA0F0ABD12D4100DE4598B5180541005CF24906D22D41000AD8CE98170541
3062300039,7504 BAY PARKWAY,1,0106000020D7080000010000000103000000010000000500000000750D303D242E4100720DE958A10341004017559B232E4100A243505BA3034100697B1FC9232E4100DAA6BB43A4034180AF2D836B242E410016B6A13FA2034100750D303D242E4100720DE958A10341
3065210035,972 EAST 9 STREET,2,0106000020D7080000010000000103000000010000000500000000BC5C6055502E4100D0E1F7C8630441006FEA048E4F2E4100FCA8FE5563044100823268824F2E4100BAAAE995640441808880B149502E410068CFD80865044100BC5C6055502E4100D0E1F7C8630441
3066510082,1721 WEST 6 STREET,1,0106000020D7080000010000000103000000010000000A000000002D8D0AC8372E4100ACF563FF82034100C2E722CE372E4100863E285982034100780484A6372E4100AE3E7C43820341802D198C83372E4100AE005C30820341000BE8305B372E41004487481A82034180F62DFC36372E4100AA9A7B068203410014981804372E4100F646A5EA8103418028617CF8362E4100FA5F462783034180D7DB86C2372E41008A57C995830341002D8D0AC8372E4100ACF563FF820341
3067780072,1627 EAST 15 STREET,1,0106000020D70800000100000001030000000100000005000000801B92B363642E4100C6D50630B403410038B63BCB632E4100748A5BD9B3034180E1D09DC2632E41005CC5DDC6B4034100C6D7155B642E4100B0BC891DB50341801B92B363642E4100C6D50630B40341
3069530048,238 AVENUE Z,1,0106000020D7080000010000000103000000010000000500000080D03813752B2E4100627B587B92024100BB0E514F2B2E4100F4A943659202410055DEB6302B2E41001E83909D950241806A0879562B2E41008C54A5B395024180D03813752B2E4100627B587B920241
3070500074,2953 MERMAID AVENUE,1,0106000020D70800000100000001030000000100000005000000801B9271AF0F2E41006290D1871B024180BF4FFAA30F2E4100AA2184C41C02410011ACE292102E41005E0D03501D024180E836FE9E102E41008A91B0131C0241801B9271AF0F2E41006290D1871B0241
3070740256,1319 BOWERY,1,0106000020D7080000010000000103000000010000000700000000B78902FF302E41001CE6965F270241800396784F312E41002C565ACE1D024180E2B756D2302E41003C9118351D024100A830A381302E410052AD9BCD26024100A3CB457E302E4100806D023427024100D1C432D6302E4100C2AF266427024100B78902FF302E41001CE6965F270241
3071280078,145 GRAVESEND NECK ROAD,1,0106000020D7080000010000000103000000010000000B000000801FCC2A0D4B2E410034E2E29C0D03410070D080F64A2E4100A85444770D03418009871ADE4A2E41007A1BFB580D0341807D297FC04A2E41000446E4420D0341802AE0429D4A2E4100627952360D034180E42EA87D4A2E4100243C343C0D0341002834FC404A2E410008DC305B0D034100E34A9C374A2E4100341B8C600E0341005C6B70734A2E4100668FC8840E034100A45FE01E4B2E410012D19AEC0E0341801FCC2A0D4B2E410034E2E29C0D0341
3072950003, AVENUE S,1,0106000020D7080000010000000103000000010000000700000000A63C5719692E4100A8087DDD6C034180BDFD416E682E4100D8C6D57B6C0341800FF85366682E4100D8E9CA576D0341805A599D9A682E41005041A3756D0341002A7303D6682E41007E0C8B976D034100F9616911692E4100AA2B72B96D034100A63C5719692E4100A8087DDD6C0341
3075940026,2319 NOSTRAND AVENUE,1,0106000020D70800000100000001030000000100000008000000806FC092387D2E4100B434C214870441807AE04D3F7D2E410086D35A5A8604410002CEEF467D2E4100B62DFA86850441000C212F4E7D2E41002E3144BE8404418030CDE1757C2E41009ACA5D3C840441800A10D75E7C2E4100F6A39EBA86044100E23623377D2E4100885E843C870441806FC092387D2E4100B434C214870441
3078450051,1542 EAST 48 STREET,1,0106000020D708000001000000010300000001000000070000008043C66FACA22E4100A27B71464A0441008DFA51E0A12E4100D4889E054A04418087730EE0A12E4100D0B289124A0441808091F2DCA12E4100562FA7AA4A0441801D09D9DCA12E410042F68AAF4A044100D4D4F6A8A22E41000EE95DF04A04418043C66FACA22E4100A27B71464A0441
3079320331,5901 FOSTER AVENUE,1,0106000020D70800000100000001030000000100000006000000804637DB64B62E4100264045340C0541006256C9AAB52E4100B22363BA09054100E16B8B25B52E4100147C63380C05418092215347B52E4100E2F1A5AC0C054100B58CD2DEB52E4100302B0FB60E0541804637DB64B62E4100264045340C0541
3081320025,429 EAST 99 STREET,1,0106000020D708000001000000010300000001000000060000008063FF7570D82E4100D43C5A0886054180CEA58A3ED72E41009C3568F6810541002CA8DBE9D62E410066B2958283054100425E6DA2D72E4100A2A34DC0840541804C594D6CD82E41001C24CF1B8605418063FF7570D82E4100D43C5A08860541
3082840002,10021 AVENUE N,1,0106000020D7080000010000000103000000010000000500000080D34CADC1FA2E410072BA5F7DF0044180DF1711A7FA2E4100EC6C0823F00441806490074EFA2E410052FDC0C2F1044100E1B71D73FA2E4100A0D52FECF1044180D34CADC1FA2E410072BA5F7DF00441
3084701076,6075 STRICKLAND AVENUE,1,0106000020D7080000010000000103000000010000000700000000DB48A08CC52E4100A03E4749C4034180166A4361C52E4100983DD15AC2034180F9D8E73CC42E4100C02D60BAC30341807604CF00C42E4100A6D839FBC3034180C89E948CC32E410028F20FD3C5034180912608D9C32E41007CEB9671C6034100DB48A08CC52E4100A03E4749C40341
3086640381,8 BRIGHTON 4 PLACE,1,0106000020D708000001000000010300000001000000050000008083A18EBC582E41000E89C38C5D02418004A07261582E4100048FEA265D0241806E7EE04C582E41005E9681505E024180ED7FFCA7582E410066E459B65E02418083A18EBC582E41000E89C38C5D0241
3087610014,2953 CONEY ISLAND AVENUE,1,0106000020D70800000100000001030000000100000005000000009325F227612E410060819567930241806C3E1C60602E410018622D3793024180201BB55D602E4100046BE7DE930241804EAC4A25612E41000E6A3F0F940241009325F227612E410060819567930241
3088000085,15 STANTON ROAD,1,0106000020D70800000100000001030000000100000007000000001291E93C932E4100B4008805990241001DE6FB10932E410012F600EB980241003F74FFDA922E4100F2C767CA980241801FFC97CF922E4100505985C3980241807484DBC5922E41002C46B8D59902418067442D33932E41009299BB179A0241001291E93C932E4100B4008805990241
3088451689,5 GAIN COURT,1,0106000020D7080000010000000103000000010000000600000000959DEAF6B22E4100641BD36BA402410003604484B22E4100E02BDD87A4024100DF64B073B22E4100D0FB74D7A4024100E5D585E8B22E4100D297C3E0A4024180E740D200B32E4100725A9D6CA4024100959DEAF6B22E4100641BD36BA40241
3088762820,11 KAY COURT,1,0106000020D7080000010000000103000000010000000500000000A0654856A82E41009245D26CC4024180AD4E8E19A82E410084077B9CC3024180251FF3E4A72E41005A10E596C4024100180BAD21A82E4100684E3C67C5024100A0654856A82E41009245D26CC40241
3089140608,119 GAIN COURT,1,0106000020D7080000010000000103000000010000000500000000B3CA1F8DAA2E410006EEEBB8CD0241001D92944BAA2E4100C6F189D9CC02418038953D1AAA2E41007474DAC2CD0241009B88BB5BAA2E4100A09579A2CE024100B3CA1F8DAA2E410006EEEBB8CD0241
4000540116,11-19 46 AVENUE,1,0106000020D70800000100000001030000000100000005000000005DD65380772E41006460452DCA094100B8B1D34F772E41009E852525C7094180324B0934772E4100525E3E41C7094100A3364265772E4100466EA348CA0941005DD65380772E41006460452DCA0941
4000540149,11-16 45 ROAD,1,0106000020D708000001000000010300000001000000060000008000F51F4F772E4100D8C432BBCD09410056FC4A1C772E410088A8F2BACA09418054E98013772E410018569FC3CA094100D3740501772E4100A6CCDBD5CA094100162BF932772E41005087C0D7CD09418000F51F4F772E4100D8C432BBCD0941
4002190009,38-01 QUEENS BOULEVARD,1,0106000020D7080000010000000103000000010000000500000000B09BD5C9A82E4100A61E2436B80941001FA1BE86A82E41008806A43DB1094180757EB5BCA72E4100BC527CB1B10941000679CCFFA72E4100DC16FDA9B8094100B09BD5C9A82E4100A61E2436B80941
4003700028,37-30 29 STREET,2,0106000020D7080000010000000103000000010000000600000000DAC004D8992E4100DC5A41802B0A410062E57FBC992E4100964B83CB2A0A41008CC96610992E41001A54A3762C0A4180763CA11F992E41000CA3A6DA2C0A410004A5EB2B992E410060B7602B2D0A4100DAC004D8992E4100DC5A41802B0A41
4004320038,42-63 HUNTER STREET,1,0106000020D70800000100000001030000000100000005000000803BD81D458B2E4100A4007988DF094100255C2CBE8A2E4100A42D5488DE094180A27BB6678A2E4100C0D58269E10941802D34C6EE8A2E4100D8F8A468E20941803BD81D458B2E4100A4007988DF0941
4005130015,11-02 30 AVENUE,1,0106000020D7080000010000000103000000010000000500000000FDC1DAB19D2E4100CE4541CDE90A4180590391B59D2E4100A0631A22E90A41004FFD14D99C2E4100DE16CABDEB0A41807E9418A69D2E4100A2C77AEBEB0A4100FDC1DAB19D2E4100CE4541CDE90A41
4006240075,31-82 35 STREET,1,0106000020D70800000100000001030000000100000009000000004AC89E40B22E41006C140F3D6D0A410056401A38B22E41002CDFF0056D0A4100ACB47C13B22E41009E6EBE5F6D0A410000024CF4B12E4100960E3EAC6D0A4180115332D2B12E41002C4AE1FF6D0A4180FFA6C4AEB12E4100600AC7566E0A4180D4B61F8DB12E4100A05D4BA96E0A4180C969A495B12E4100E09269E06E0A41004AC89E40B22E41006C140F3D6D0A41
4007350001,49-21 NORTHERN BOULEVARD,1,0106000020D7080000010000000103000000010000000B000000802DF436E4C62E4100D6E396B51F0A41800DF15481C72E4100E2E7FF341E0A4100CED87AAAC62E410036673AC5180A418042E88AE2C52E41000236AD74190A41800B1D9203C62E4100EEAF69FD1B0A4100B64BFBCDC52E4100849F309E1B0A4180A51A7162C52E41006E3C10A61C0A4100917F5800C62E4100DE8924AB200A410074E601AEC62E4100383D0D021F0A4180CB2DFDD0C62E4100ECFDA6E41F0A41802DF436E4C62E4100D6E396B51F0A41
4008740070,21-16 24 AVENUE,1,0106000020D7080000010000000103000000010000001300000000FDDDE596B42E410020E58A231A0B418092B8A67BB42E4100FE4232AF190B41008DBF2865B42E410066E3264F190B410076CEAE4FB42E41009A3072F3180B41803ECC9637B42E41008E7A908C180B4180546EE621B42E41003AA0F22F180B4180F6709003B42E41000C4768AE170B41006D7466F3B32E41002A6CA9EA170B4180116548E3B32E4100DE21D5A5170B41809BECF4C5B32E4100D0602613180B41009EEE5EACB32E4100D0698672180B41000940DB91B32E410034B45CD5180B410022234B78B32E4100DE90A634190B4100E98A7D61B32E4100C0DDA789190B41008BF4C546B32E41000EFF3EED190B410032D3A163B32E4100D40F7A681A0B4180CE75B368B32E4100BAF294551A0B410053F3FAEEB32E41002019F8921C0B4100FDDDE596B42E410020E58A231A0B41
4011630085,62 STREET,1,0106000020D708000001000000010300000001000000050000000093B599EDE12E4100F4D458AE260A41807F7C0416E12E410074AE133F260A41802CB7360FE12E41009C9D4202270A41809B70A1E6E12E410084F21E71270A410093B599EDE12E4100F4D458AE260A41
4013350067,40-38 61 STREET,1,0106000020D70800000100000001030000000100000007000000801F8C0327DA2E4100763D3142AB0941006A93861DDA2E41000847297EAA094180FB6C7B51D92E410084476694AB09410091A4C14DD92E410078DE0E0CAC094100C3648C4DD92E41004288B912AC094100B1D6AF4AD92E4100D8F7A16EAC0941801F8C0327DA2E4100763D3142AB0941
4015480045,51-09 VAN LOON STREET,2,0106000020D7080000010000000103000000010000000600000000A6E702C10F2F4100E6C0F8F6680941809DC49BBC0F2F4100F01A443968094180B34B5FBC0F2F41008867142F68094100D36B8DFA0E2F41008424216668094180C50731FF0E2F4100E429062E69094100A6E702C10F2F4100E6C0F8F6680941
4016970046,32-49 102 STREET,1,0106000020D7080000010000000103000000010000000800000000E8C10B0D2B2F41002C05472C4D0A41009CEA32E62A2F4100C4E9B7164D0A4100D60164962A2F4100685A6DEA4C0A41005D35FB6E2A2F4100CA498ED44C0A410039C354452A2F41005ABC70BD4C0A4100CF0B0E402A2F41009685B4544D0A41007E0AC5072B2F41006C7A8BC34D0A4100E8C10B0D2B2F41002C05472C4D0A41
4017700052,102-05 ROOSEVELT AVENUE,1,0106000020D7080000010000000103000000010000000600000080DB325818302F4100DA671B71F00941006C3780CC2F2F41000AB39348F0094180C1FEF59A2F2F4100B822EC3DF20941805645DCC82F2F4100707B7285F2094100768327E02F2F4100E20FBFA9F2094180DB325818302F4100DA671B71F00941
4018900040,50-18 98 STREET,1,0106000020D7080000010000000103000000010000000500000000B296ADA92F2F41000CAC265C950941802A7123E62E2F4100B06B216A940941803F7061CE2E2F4100E4B9B19B95094180C66AEB912F2F410040FAB68D96094100B296ADA92F2F41000CAC265C950941
4020180083,126-02 ROOSEVELT AVENUE,1,0106000020D7080000010000000103000000010000000500000000C09ED4565D2F410016B092432B0A410016B018105D2F4100A2E8342F2E0A41007D529CCF5E2F4100A82F06EF300A410091B728155F2F41009403EB0F2E0A4100C09ED4565D2F410016B092432B0A41
4023950011,56-17 68 STREET,1,0106000020D70800000100000001030000000100000005000000006A50607DEA2E410050728A8AE40841009DEC0BB3E92E41008A3DC478E40841001A3E9FB1E92E4100225FB740E5084100E7A1F37BEA2E4100E4E77C52E50841006A50607DEA2E410050728A8AE40841
4024770023,84-18 QUEENS BOULEVARD,1,0106000020D70800000100000001030000000100000008000000007DB34316102F4100E4F1FF1B5B0941009CD5413B102F41007C77266959094180162F843F102F4100CAB1153759094180D21A7D6E102F41008251EC0E5709418059DC1712102F4100D8C1C68D56094100AA490AD10F2F4100AE15CD8A590941800B2575A50F2F4100AA3C578B5B0941007DB34316102F4100E4F1FF1B5B0941
4025770030,58TH STREET,1,0106000020D7080000010000000103000000010000000500000000C844448DC62E41007ECB3CB1C80841804AD17CBAC52E41000EE6A405C9084180981DF9C6C52E4100CE2EFD23CC084180AFA82199C62E4100323DD4CFCB084100C844448DC62E41007ECB3CB1C80841
4027160014,64-10 PERRY AVENUE,1,0106000020D70800000100000001030000000100000009000000002A7DD476DF2E4100ECEF0F57C20841008E9FE575DF2E4100288E8954C208418032AB5350DF2E4100FC5CEAEEC10841003C6051DDDE2E410000868098C4084180BE68ED02DF2E41004A42E5FDC4084100C3A72209DF2E41000863A10EC5084100611B0D65DF2E41007E87E5EDC2084100FF67C85FDF2E41005EB4A5DFC20841002A7DD476DF2E4100ECEF0F57C20841
4030540050,66-59 70 STREET,1,0106000020D70800000100000001030000000100000005000000802CE8701F032F41007AC453B04C0841009A42731C032F410052CB74E74B084180C94CD658022F4100EE8454144C0841807B2DDC5B022F4100122632DD4C0841802CE8701F032F41007AC453B04C0841
4034480008,3-31 ST NICHOLAS AVENUE,1,0106000020D70800000100000001030000000100000008000000000CC34E5CCC2E41005458A10FC5074180FF509774CC2E4100ACF716C7C4074180DBDCEAFDCB2E4100D24F1B64C207418072887CBECB2E4100528F7229C3074180BFC80497CB2E410060123CA4C3074100D3EF1F0CCC2E4100089B27FFC5074100D98D3134CC2E4100F09B7587C50741000CC34E5CCC2E41005458A10FC50741
4035780095,1846 SUMMERFIELD STREET,2,0106000020D7080000010000000103000000010000000500000080DA1DC8B5E62E41006AB2E434AA0741008A166D96E62E4100EE703993A90741800E2F42D6E52E4100B09A1FE5AB074180F31CBBF4E52E4100BCA68589AC074180DA1DC8B5E62E41006AB2E434AA0741
4038260041,76-03 MYRTLE AVENUE,1,0106000020D708000001000000010300000001000000050000000068A890031E2F41006297CED3D70741808A7489DB1D2F4100249722C1D7074100A9D2DFA71D2F41005AF55155DA07410037E17ECD1D2F41009CCCC086DA07410068A890031E2F41006297CED3D70741
4040950014,15-23 128 STREET,1,0106000020D708000001000000010300000001000000070000008023D907CA632F4100380C919B750B41008C9711C8632F41004829BEE1740B41805E1A70F7622F4100428BC710750B410049F608FB622F4100AC3D8C65760B41803344E48F632F4100D623FD43760B4100E0A9418E632F41005AA80AA9750B418023D907CA632F4100380C919B750B41
4043960031,126 STREET,1,0106000020D7080000010000000103000000010000000F00000080DF888EE95E2F41009E3B574ABD0A41009978ECA25E2F410016DB7C32B80A4100752057B85E2F4100342C0652B60A4100FFB3E4F25E2F41004E1E11D5B40A4180601D99EE5E2F4100344057C6AD0A41008928CAB25D2F41007806F859AC0A4180CF2272B55D2F4100DCF5FD34AD0A41800EF4B0C25D2F4100EA6B7BA2AE0A41804AF6CB085E2F4100E2E1C0D3B10A41802F87BF0F5E2F4100FA4F6764B30A41001605D1E45D2F410044C941BFB70A41800AE083375E2F4100B8312376BA0A4180C3A5AA735E2F4100E44C2665BC0A4180AFFD6B745E2F4100A04C365DBD0A4180DF888EE95E2F41009E3B574ABD0A41
4045740141, POWELLS COVE BLVD,1,0106000020D7080000010000000103000000010000004200000000CDD56A23BD2F410088E283EAFD0B4100557F0DB1BC2F41001EE5B875FE0B418022A6F279BC2F4100A258CCB8FE0B4180B670D61ABB2F41009EDD9FBEFF0B410009EA5327BB2F4100C4F1F4AF010C41003EFD7229BB2F410068CEE2A8010C41808C808A31BB2F4100BA577B92010C4100DAADA139BB2F41004A280D81010C410061EC9643BB2F41009CB1A56A010C418017AE4D4CBB2F4100EC8E3D54010C41809EEC4256BB2F4100DC655240010C418083DBBA5DBB2F4100D094682C010C418069F53265BB2F41006869FC1A010C41807D3C6C6BBB2F410074A799FF000C4180EF08286FBB2F41007A8D35E4000C41009283A571BB2F4100C245E4B9000C418033D32274BB2F410000FA908F000C4180D522A076BB2F410026F3B56C000C418048455C7ABB2F410034DD5351000C410096727382BB2F4100A0217433000C4100E39F8A8ABB2F410050B18F1A000C418099614193BB2F4100E6D92209000C41804FF8F79BBB2F410016A431FAFF0B4180058FAEA4BB2F4100507242EBFF0B410025BA04AEBB2F41002036CEDEFF0B4180ABCDF9B7BB2F4100B65E61CDFF0B4100CACD4FC1BB2F41002E206CC3FF0B4180808F06CABB2F4100A8E176B9FF0B418070379BD4BB2F41001EF780AFFF0B4100C81DCFDFBB2F4100FC1610A3FF0B418029921FEEBB2F4100308D1F94FF0B4180051E7BF2BB2F4100EE99258FFF0B4100522092FABB2F4100AAFA2A8AFF0B4180AA31C605BC2F410060572E85FF0B41000343FA10BC2F41008016B87DFF0B4100519B1119BC2F41003E77BD78FF0B41004018A623BC2F410058324571FF0B4100F5835C2CBC2F4100B48CC76EFF0B4180AC701335BC2F4100D0F34F67FF0B41806C95E640BC2F41008C545562FF0B4180C4A61A4CBC2F4100046A5F58FF0B4100A96A9253BC2F4100C2766553FF0B41008F840A5BBC2F4100DEDDED4BFF0B4180AEAF6064BC2F4100589FF841FF0B4180FBDC776CBC2F41006EAE7F3AFF0B4100246BEA78BC2F410048760D2EFF0B4180D073847EBC2F4100BE8B1724FF0B410091C3578ABC2F4100AE622C10FF0B4100E9D48B95BC2F4100E8DC3D01FF0B41009F6B429EBC2F4100BC4CCAF4FE0B4100BE6B98A7BC2F41003A66D6EAFE0B410045AA8DB1BC2F41006A30E5DBFE0B4100637FE3BABC2F410046A473CFFE0B418082AA39C4BC2F41007A1A83C0FE0B410042CF0CD0BC2F4100AC9092B1FE0B4100BF7FE5D6BC2F4100E80AA4A2FE0B4100A5995DDEBC2F41001A81B393FE0B41002BAD52E8BC2F41000A58C87FFE0B41804AD8A8F1BC2F410056895F69FE0B4180006F5FFABC2F41006E77FF4DFE0B4100AD77F9FFBC2F4100E0E00844FE0B4180F016F404BD2F4100BAA89637FE0B4180A582AA0DBD2F4100EA72A528FE0B4180C3570017BD2F4100E24DBC14FE0B4180D8C9391DBD2F4100302B54FEFD0B4100CDD56A23BD2F410088E283EAFD0B41
4049520005,32-25 LINDEN STREET,2,0106000020D70800000100000001030000000100000006000000807634F60D772F4100AE4D8324B50A410082E64F18772F4100389CCC9FB40A4100943CC021762F410050BA7272B30A41004BCB300B762F4100781DB793B40A4180384AC001772F410062AB11C1B50A41807634F60D772F4100AE4D8324B50A41
4050390038,41 ROAD,2,0106000020D7080000010000000103000000010000000600000000954729B4752F41009CE4E79E3B0A4100ACAD187C752F4100945195133B0A41805FE294F4742F41005A2F3E8F3E0A4100BCB29308752F4100F2AAA9BD3E0A410043B5AC2D752F41003038CB133F0A4100954729B4752F41009CE4E79E3B0A41
4051817502,41-60 BOWNE STREET,1,0106000020D7080000010000000103000000010000000500000080B5B7447D882F4100D2231E5C4C0A4100B40E0EB8872F4100EAB7B772490A41801925135A872F41003E65AAB14D0A4100D7F158F5872F41005AE2218D4E0A4180B5B7447D882F4100D2231E5C4C0A41
4054600033,161-10 46 AVENUE,1,0106000020D7080000010000000103000000010000000500000080905D54BDAE2F4100222310671D0A41808001E5A8AE2F4100768160451A0A4180FED15F7EAE2F410056F36F571A0A41000E03CF92AE2F4100FEE81E791D0A4180905D54BDAE2F4100222310671D0A41
4061750010,35-10 215 STREET,1,0106000020D70800000100000001030000000100000005000000809D76D3D3FA2F4100D46CD644D00A41803230E30AFA2F4100CE19218FCF0A4180B27745F4F92F4100885E0932D10A41001D9335BDFA2F41008EB1BEE7D10A41809D76D3D3FA2F4100D46CD644D00A41
4067460051,61-30 156 STREET,2,0106000020D70800000100000001030000000100000005000000805A29D2839F2F410046111FDA6809410089ABFD7F9F2F410088E8759A670941005E68E4B79E2F4100E89826CB67094180A8531ABC9E2F41004E3DB80A690941805A29D2839F2F410046111FDA680941
4073130052,211-11 45 ROAD,1,0106000020D70800000100000001030000000100000005000000808ED41021F92F4100FCC77A5F5C0A4180B6C4C5F0F82F410086BDC61F5C0A4180CB0ED1ACF82F4100022C5A195F0A41806FAE0EDDF82F4100BE0CA4595F0A41808ED41021F92F4100FCC77A5F5C0A41
4079660216,88 AVENUE,1,0106000020D70800000100000001030000000100000005000000405A80867C2C304100DCE5A8291609418039D907762C304100E84A1F1D150941C0785398572C30410018E66F4B15094100DA99065E2C304100CADE5255160941405A80867C2C304100DCE5A829160941
4082040026,246-18 ALAMEDA AVENUE,2,0106000020D7080000010000000103000000010000000500000000BFB802081F304100DA799368A50A4180E2F7CBF81E3041003E066696A30A4180BDA78F651E304100E8BE245FA40A410057252F701E304100BA0A9437A60A4100BFB802081F304100DA799368A50A41
4090170022,84-15 ROCKAWAY BOULEVARD,1,0106000020D70800000100000001030000000100000005000000002DED2236422F41007E7BC75EFE06418079E617C0412F4100BC17F5FAFE0641000D11D485412F4100524A6056010741809DDFEBDF412F41000222AADB010741002DED2236422F41007E7BC75EFE0641
4091690045,97-11 ROCKAWAY BOULEVARD,1,0106000020D708000001000000010300000001000000060000000003AA3CF8612F41002888B725D906410056CE478C612F4100D4C85C71D9064180E5ED2EAB612F41005AC5B335DC0641002297DBD4612F4100C200D23DDC06418007A0641B622F4100EA798F4BDC06410003AA3CF8612F41002888B725D90641
4093920006,108-14 ATLANTIC AVENUE,1,0106000020D7080000010000000103000000010000000500000080017D3F2E6B2F41001E95405554074100F1421FFD6A2F4100101DD50B540741000490D6B66A2F4100A28DE9045707410015CAF6E76A2F4100B65D564E57074180017D3F2E6B2F41001E954055540741
4096150123,107-38 VAN WYCK EXPRESSWAY,2,0106000020D70800000100000001030000000100000007000000007FD46340A82F4100E20EB14B29074100D5F4906DA72F41001A91DD0E28074180F6119F66A72F41006AAE9B58280741807CC80E59A72F410084439AE828074100E2593A29A82F4100286695232A074100691D9D38A82F41004EFB2B94290741007FD46340A82F4100E20EB14B290741
4097550015,153-10 89 AVENUE,1,0106000020D7080000010000000103000000010000000500000000B8FB416BB42F4100F0E0E754F3074100BDF8BB25B42F4100645B49F2F207410060CC36E3B32F4100F4E86BE5F5074100C259D728B42F4100EE65DB46F6074100B8FB416BB42F4100F0E0E754F30741
4099370014,178-26 WEXFORD TERRACE,2,0106000020D708000001000000010300000001000000060000008084212915DC2F4100B09157714E084180B5AE16DCDB2F41006E24461D4E0841009B33298BDB2F410038810C1E52084100D12C14C4DB2F41009886147052084100E83C5CC4DB2F4100380880705208418084212915DC2F4100B09157714E0841
4100440005,144-12 105 AVENUE,1,0106000020D708000001000000010300000001000000050000000006D1CDE0AA2F4100BC1A93875F0741000B20F3BEAA2F4100547A8EF15E074180892E5B27AA2F4100E83CE80D6107418084DF3549AA2F41004E31ECA36107410006D1CDE0AA2F4100BC1A93875F0741
4101120064,150 STREET,1,0106000020D7080000010000000103000000010000000600000000B52BD3DAB72F41005CF21DA894074180A92FABE5B72F410018D8B33294074100268D4D27B72F4100943E2A1B93074180ACE1F618B72F410036A768B69307410031DA54D7B72F4100B840F2CD94074100B52BD3DAB72F41005CF21DA8940741
4101560031,168 STREET,1,0106000020D70800000100000001030000000100000007000000808E15B5EFC92F4100ACF5E0BAEF074180E9F72205CB2F41002E42896AF2074100311ECAF0CA2F410072504508F3074180D9CC87F6CB2F41003A175175F50741003B016962CC2F41009A8F0131F20741002B63E034CA2F41003A1854EBED0741808E15B5EFC92F4100ACF5E0BAEF0741
4101920063, GUY R BREWER BLVD,1,0106000020D708000001000000010300000001000000070000000000DB1CC6D52F410062E7CBEB61074100984591B8D52F41004AC70FD6610741802E70B992D52F41005A5C5699610741007F31D109D52F4100701EA9BD6007418009F1D9EFD42F4100BEED9C78610741003008F1A0D52F4100D6B26DF76207410000DB1CC6D52F410062E7CBEB610741
4102700057,110-31B MERRICK BOULEVARD,1,0106000020D7080000010000000103000000010000000500000000FB51F1CEE22F4100889246E882074180CC976154E22F4100A8679FD781074180D4985E1EE22F41006E74BB248307410077BE799EE22F41000A9FB84184074100FB51F1CEE22F4100889246E8820741
4107700019,218-38 97 AVENUE,1,0106000020D70800000100000001030000000100000007000000805362478C223041005E6F708A7C0841C0EE62A7872230410000D2A7577A0841C0DA5C2269223041007870CD677A0841C0E21C2D6A2230410020CCD8E57A0841004CF4DF33223041004A3F94027B0841002FCC763722304100FED450B77C0841805362478C223041005E6F708A7C0841
4111040018,217-78 HEMPSTEAD AVENUE,1,0106000020D7080000010000000103000000010000000600000000CFC8A55F1F3041003639E7BA590841007084024F1F3041005073DAC7590841C08CD4B4481F30410014B87DD5590841C0015D84521F3041003438E2055C084140C52FAF681F304100404E13BF5B084100CFC8A55F1F3041003639E7BA590841
4113880010, SOUTH CONDUIT AVENUE,1,0106000020D7080000010000000103000000010000001100000080B9F31B914A2F41008817D4A6600641802D79EE3B4A2F4100941D28646006410018C77BF9492F41005C742530600641802A25D1B6492F41007672F6FB5F0641000C489E74492F4100002E26C85F0641801B9C6E31492F41008AB28F935F06418081506FF1482F4100BC3478615F0641809E113AEA482F410006817DF85F0641808330F3DA482F410054778D386106410047FB02D7482F41009072108B610641008F550A22492F4100A4846E8661064100C8F9F671492F41009AE19C8461064100DEF0F6B5492F4100662D988561064100AAA596074A2F4100DAADD88961064100A18435504A2F410066377390610641002551CA8B4A2F41000804DA9761064180B9F31B914A2F41008817D4A6600641
4117020008,135-05 ROCKAWAY BOULEVARD,1,0106000020D7080000010000000103000000010000000500000000FAAD1EA2B42F41001631B719990641007F633673B42F4100DA2EE22F9906418084048337B42F41001A2CDFA69B064180C6859B5EB42F4100C84545E39B064100FAAD1EA2B42F41001631B719990641
4120130034,142 STREET,1,0106000020D70800000100000001030000000100000005000000008602DA10BC2F410052EF3C7DB2064180F5B9E848BB2F41006E438A0BB206418034777140BB2F4100EA9618F6B2064100C5BF6208BC2F4100D0EECB67B30641008602DA10BC2F410052EF3C7DB20641
4121830015,161-20 MATHIAS AVENUE,1,0106000020D70800000100000001030000000100000009000000003EEDFCDED52F41004208F31647074100F10633C9D52F410064BB9BB746074180AE87DA92D52F4100629F43644707410061EB096DD52F41002CD465DC47074100028B574BD52F41005CE273474807410010787628D52F4100161F44B64807418026058DD6D42F4100E81D7FBA4907418005C157F7D42F4100862FE1F6490741003EEDFCDED52F41004208F316470741
4124490037,118-28 RIVERTON STREET,1,0106000020D70800000100000001030000000100000005000000C0CF8AD5580530410038A3CECF420741006A91B307053041000EDE678F42074100CA10A8FF0430410046F8741F45074140AFF4C9500530410070BDDB5F450741C0CF8AD5580530410038A3CECF420741
4129620051,223-01 MERRICK BOULEVARD,1,0106000020D708000001000000010300000001000000090000000006D8403618304100AC934395C706410004DDAC2418304100204E9097C606418065042A121830410076C4648CC50641004A4E0E0818304100026480FAC40641008A0351E017304100EE38F0BCC20641804C91A89817304100705C91A9C306414048596C9517304100C6B940B4C30641006D7388D8173041009AA90BB1C806410006D8403618304100AC934395C70641
4132310047,136-20 BROOKVILLE BOULEVARD,1,0106000020D70800000100000001030000000100000006000000C053ADA0182330410088AEC1F36C064180F474D6E4223041000482EE4A690641C0EAD3BC582230410048DE695E6B0641C0D7F53A7F22304100381CB6166E064140E63D809222304100226794F06E0641C053ADA0182330410088AEC1F36C0641
4136210063,247-13 139 AVENUE,1,0106000020D7080000010000000103000000010000000500000040AEB85090273041001AF9AF0127064180B025173D273041001C144A33250641401D3A6A21273041004C7F9473260641401BCDA3742730410046B8F94128064140AEB85090273041001AF9AF01270641
4142280839,99-75 RUSSELL STREET,1,0106000020D70800000100000001030000000100000008000000008E5B1C2C782F4100968A3830BF05418007D92F23782F41006C5CEFBDBE0541805C1B6E52772F4100C4A70EECC0054100D893533C772F410066D02627C10541001B379041772F410000715283C1054180A791E847772F41003C6CAAD0C105418032558C66772F4100EC3A6176C10541008E5B1C2C782F4100968A3830BF0541
4153040002,329 CROSS BAY BOULEVARD,1,0106000020D7080000010000000103000000010000000D00000000903968B18F2F4100C2DF87D5D70341807A2283288E2F4100C25F59C2D3034100B8890B208E2F41000A98F6D2D30341003BD932198E2F4100C059ADDBD30341808AB40A128E2F4100C059ADDBD3034100D72B1B0A8E2F4100D6F022D2D3034180FFB70B078E2F4100B87B11BAD3034100D4F253098E2F41009A8EEE9FD303418036A2560E8E2F4100E416DB7CD30341806325ACF88D2F410054BC5443D3034180E83909D28D2F410046F1D220D4034180CA9BAC918F2F41004EDA14C7D8034100903968B18F2F4100C2DF87D5D70341
4154800053,14-28 CHURCH ROAD,1,0106000020D7080000010000000103000000010000001300000000820C86D6922F41002AAA09F55B034100D45904FA922F4100462144E45B034180DE1221FD922F410018660EB95B0341005235DD00932F410000183A915B034180284FAA03932F4100B802A5F05A03418029A76AF4922F4100E8F219C05A034100FDA3BDE8922F4100D8167E8F5A034180612969CC922F4100A2DAE09C5A034100D4D694C6922F41001ADB7ED659034100E4C822C0922F410040721B9459034100DA3A06BD922F41002CF1FBFF58034180794D7ABE922F41001A6CB5C2580341805BD769BD922F4100FE037F9E580341806E1E3A95912F410076D9722A59034180720B8696912F4100340E1056590341001BA9D09D922F4100DCA0A6D9580341006C08ECAD922F41009CA5CCFD5A0341004DF9A4B5922F410044BA92045C034100820C86D6922F41002AAA09F55B0341
4155730107,10 GREENWOOD COURT,1,0106000020D70800000100000001030000000100000005000000C07F8C537A16304100F60BB63F5E0341C0FA5D467116304100CC9777FC5D0341C035BA8860163041001AF157875E0341C0BAE8956916304100446596CA5E0341C07F8C537A16304100F60BB63F5E0341
4157490214,10-41 BAY 32 STREET,1,0106000020D708000001000000010300000001000000060000000099B105EBFF2F4100D6CFA3F55E034100F1404DE9FF2F4100229652605E03410060B19AE7FF2F4100FC2D97EF5D034180503D2B42FF2F4100502E9B2A5E034100B00C1344FF2F41002CD9A90A5F03410099B105EBFF2F4100D6CFA3F55E0341
4158430001,51-15 ROCKAWAY BEACH BOULEVARD,1,0106000020D7080000010000000103000000010000000C00000000AA3E08C4E42F410006C4090A0403418007D741EEE42F410024E1086CFB024100E1E5BE06E32F4100C6ED7D62FA024180876AD4E5E22F410068149050FA0241000AFF5D93E12F41007AE39482F9024100EC7E2C2BE12F4100261A2C43F9024180C7652209E02F4100FA45A14BF702418049631AA1DF2F410000285C9BF60241809E82F727DF2F410062F98B620F03418020F7E878E22F41009A5EFD971003418062F355B9E22F410082F66D6A03034100AA3E08C4E42F410006C4090A040341
4159050045,125 BEACH 62 STREET,1,0106000020D7080000010000000103000000010000000700000000691271A2CD2F4100569B1A52CB02410049698082CE2F4100E6474434CB02410027E5D385CE2F41005CF4637DCA0241000A4C65C2CD2F41000AFD6997CA0241001E35968ACD2F4100CED9D89ECA02410017543314CD2F41009ED00B65CB024100691271A2CD2F4100569B1A52CB0241
4159050143,176 SALTAIRE LANE,1,0106000020D7080000010000000103000000010000000800000080F446C23EC92F4100422ED120DC024180E9298830C92F41007485CCCADB02418041F8C325C92F41009C871E87DB024100AB853F7AC82F41004EB7A407DD024100B660427AC82F41009083B507DD024100795C1686C82F41007A909658DD024100932F6B8FC82F4100FE6888AEDD024180F446C23EC92F4100422ED120DC0241
4159050198,64-24 OCEAN AVENUE SOUTH,1,0106000020D7080000010000000103000000010000000500000080B95A7637C92F4100CAC7CEAECF024180A14038D5C82F4100CAEAB632CD024100551837B1C82F4100DA2933A4CD024180800D3813C92F4100A078AE1ED0024180B95A7637C92F4100CAC7CEAECF0241
4159050259,66-14 SEASPRAY AVENUE,1,0106000020D7080000010000000103000000010000000500000000ED78DE97C52F41001C85D108C50241007BA2856AC52F41005035FDEDC40241004CAA085DC52F41004E1E4CCCC70241003815818AC52F41008ED754E2C7024100ED78DE97C52F41001C85D108C50241
4159620001,518 BEACH 44 STREET,1,0106000020D7080000010000000103000000010000000500000080674C3617F02F4100E60438423D0341000739F662EF2F4100249B7EFC3C03410055FA6B5FEF2F41001260EB9A3D034180A4AFA713F02F41008076A5DB3D034180674C3617F02F4100E60438423D0341
4160770040,3-16 BEACH 73 STREET,2,0106000020D70800000100000001030000000100000005000000009AF82E7FB82F41000669FEC4E402410082ABB278B82F41003883CAFDE50241001B23A640B92F41009C1D713CE6024180339B2247B92F41006857A403E50241009AF82E7FB82F41000669FEC4E40241
4160920100,72-19 ROCKAWAY BEACH BLVD,1,0106000020D7080000010000000103000000010000000900000080489C7672BA2F41005659F61FCB02418054D81585BA2F41001C016A78CA024100780B0699BA2F410008A304C5C902410044E8099BBA2F4100B6445184C9024180C704AD93BA2F410084EEA580C9024180E1422082BA2F4100B64BD69BC9024180822E32A2B92F4100F4F9C3F6CA0241001ADEEA53BA2F4100AC38CD32CC024180489C7672BA2F41005659F61FCB0241
4161850058,158 BEACH 113 STREET,1,0106000020D708000001000000010300000001000000060000000022A091E7722F4100D84A18D25C0241008542FA07732F41008CFA5CAB5B024180238CA851722F410006AA9F675A02410012294811722F4100144312B15C02418073DF99C7722F41009C93CFF45D02410022A091E7722F4100D84A18D25C0241
5000060131,114 CENTRAL AVENUE,1,0106000020D7080000010000000103000000010000000500000000E19185E1632D41009C8633C5FE0441007C17661A632D4100F851903CFE04418000E3B510632D410086B02210FF0441000AD9BDD7632D4100EE70B698FF044100E19185E1632D41009C8633C5FE0441
5000680125,565 RICHMOND TERRACE,1,0106000020D708000001000000010300000001000000330000000095187170392D4100F0173EEF470541803F2D0F58392D41006C0D0DDE47054180E57C03D0382D4100822DEC7D470541001CABC198382D41007604805A470541001114AE1C382D4100E8E06917470541802753F2C0372D4100B49943EE460541007221D46E372D410098B67ACF4605410087A7BB0F372D410022A0EDB2460541800409BBA8362D4100A095919C46054180882AB266362D41003C98E792460541801870FF63362D41006A627F0E4705418045598E20342D41005A6BA8B046054180BE3921A5332D41007E697FD846054180AD099E9D332D4100B00C92304805418009E8F79D332D410050F63137480541007251979E332D41008C42DD8648054100396BB99C332D41007EEB8BD148054180D0011A9C332D41008EA7C314490541006615BAAA332D410090E61044490541009415BBB8332D4100C886BB93490541801B7FB0C2332D410050974AFC49054180B72FDFD2332D410044ECF9464A05418057FC9BE4332D41002A7D718B4A05418056A4DBF3332D4100D6AC8BAF4A054100CD8A6508342D41009C327ABE4A0541004E2A0C20342D410092A0DDD94A05418046C4897B342D410080CBF1C54A054100D9CFE8B7342D410058937FB94A054180B280C3DA342D4100E27D75C34A054180ACE174E8342D4100305B0DAD4A054180CEA59802352D4100EA0F12A84A054100E52B1F38352D41008EB58FAA4A054100DCB14F64352D4100A87017A34A05410036D7D09E352D4100E8D0C4784A05410070D1FBCF352D4100D0153D804A054100CB0ACA39362D4100C683A09B4A0541809B41D588362D4100667D1D9E4A054180CA2863D5362D410006779AA04A0541805EB942F3362D4100667D1D9E4A05410086C2341E372D4100C683A09B4A0541807A6DE468372D410082E4A5964A05418075B7E2A5372D41005654328A4A054180A0AFA2E1372D410012B537854A054180DE989B23382D4100E8D0C4784A05410051905727382D410024DE22994A054180A9A18B32382D41008EB58FAA4A054100310B813C382D410006779AA04A0541005BAD4078382D4100C26AECCA4A054100E0B3CE1D392D4100780BEF3F4B054100796D6D3B392D4100D27CD3504B05410095187170392D4100F0173EEF470541
5001740026,38 WAYNE STREET,1,0106000020D70800000100000001030000000100000005000000006D0C03BF0C2D4100244E9CD1F40441006D4F77970C2D4100243D92B9F40441803B10167E0C2D4100163197F2F70441002B9A9DA50C2D4100CC23120BF80441006D0C03BF0C2D4100244E9CD1F40441
5002050001,1872 RICHMOND TERRACE,1,0106000020D7080000010000000103000000010000000500000080A06B9971F52C410076BCD762ED044100D7DD1058F52C410088B8741EEA044100989B0A65F42C41006018AB81EA044180B8DCAB6FF42C41005837F1C9ED044180A06B9971F52C410076BCD762ED0441
5003550201,39 JILLIAN COURT,1,0106000020D70800000100000001030000000100000005000000802988129CF12C410012E44506590441009AD242FEF02C4100D0DB3DCA580441804DF3D2FAF02C410068CE955959044180DDA8A298F12C4100A62A9D95590441802988129CF12C410012E44506590441
5005270008, CANAL STREET,1,0106000020D7080000010000000103000000010000000C0000000005781CA05F2D41000205F9BC74044100C1E4B41B5F2D41002A433DD8710441806F20B37D5E2D41005CCF209D7304418072F9B14F5E2D4100F01D5DE074044100F0F358415E2D4100F4032C457504410042FEDE4E5E2D410024DC446575044100B924A29F5E2D41008AACC87D74044100F39045C85E2D4100284423617504410077615AE55E2D41009A91D40376044180F8C15DC35E2D41007EAE3E657604418049AF00DC5E2D4100BC4312EF7604410005781CA05F2D41000205F9BC740441
5005930785,926 VICTORY BOULEVARD,1,0106000020D70800000100000001030000000100000006000000004E1F5C8A3A2D4100A078D63C34044180F6E171D8392D4100ECF764982904410065D0F0BE372D4100B0B68AD22D0441001BB3B7E9332D4100D4A3F6BE2F04410035B56EDF352D41007CD34423380441004E1F5C8A3A2D4100A078D63C340441
5007740077,625A WESTWOOD AVENUE,1,0106000020D7080000010000000103000000010000000500000080EC5E9335EB2C41008A9AD0B28903410029EA2A01EB2C4100E2F0CFA0890341805A6DC1FAEA2C41003A2C2DE28A034100391F732FEB2C4100647ED6E58A034180EC5E9335EB2C41008A9AD0B2890341
5008830041,1689 RICHMOND ROAD,1,0106000020D7080000010000000103000000010000000500000080CA6CE8222C2D4100B6AAA2C7C80241009924ABE72B2D41007EA66190C7024180A0C0FF042B2D410036DC4DE3C902410008D422432B2D41000457F412CB024180CA6CE8222C2D4100B6AAA2C7C80241
5010860098,70 TREADWELL AVENUE,1,0106000020D7080000010000000103000000010000000700000080B127E041DE2C4100246A8769FA044100C9FB893EDE2C4100F6BA5520FA044180C3621238DE2C4100246E7B92F90441002BDEC26CDD2C41002A6F5A1FFA04418031CD3A73DD2C4100F80F34ADFA0441001B249176DD2C41002A6B66F6FA044180B127E041DE2C4100246A8769FA0441
5012180039, MAPLE PARKWAY,1,0106000020D7080000010000000103000000010000000700000080DD3787D3B52C4100D0732995A7044180100583D1B52C41003C52B5BDA6044180354C2CE1B42C4100921118EDA6044180ED33E0E1B42C410014E02E38A7044180112DF2E2B42C410090E28CAAA7044180027F30E3B42C410024338CC4A7044180DD3787D3B52C4100D0732995A70441
5012720200,14 BETTY COURT,1,0106000020D7080000010000000103000000010000000500000000B8B012899A2C4100C85FCD8E18054180A1FE4E899A2C4100DE63EEDA1705418076D3860F9A2C41002220F7D9170541802AFD300F9A2C4100F255CDD918054100B8B012899A2C4100C85FCD8E180541
5014810093, HOME PLACE,1,0106000020D70800000100000001030000000100000008000000001DE8972ACB2C41005A4C14861A04410039460620CB2C4100D806147817044100BCE17D13CB2C4100F871F47A17044100B016580FCB2C4100A859E87B1704410017F559E6CA2C4100E0ED077E170441806ECA58D4CA2C41007A75F67E17044100D12D0BDFCA2C41008E4B6A961A0441001DE8972ACB2C41005A4C14861A0441
5016960143,458 VAN NAME AVENUE,2,0106000020D708000001000000010300000001000000060000008026C29603B92C410056B14EC462044180D9C48203B92C4100B0E412C2620441805298C1FFB82C410076C87D56620441006F82A935B82C410020D089D46204410043AC7E39B82C410000B95A426304418026C29603B92C410056B14EC4620441
5019920082,102 LOVELL AVENUE,1,0106000020D70800000100000001030000000100000006000000809A956189C62C4100BE63AB60DD024180530EEB0AC62C410052350F84DA0241801CCEB2DFC52C410026376DFBDA024180871FF95EC62C4100C623BEDCDD02410068FE3F7FC62C410004EDC678DD0241809A956189C62C4100BE63AB60DD0241
5021110037,64 MULBERRY CIRCLE,1,0106000020D7080000010000000103000000010000000900000000A3B99D56A12C41000E4C01863F0341802D2CDB96A12C4100E633F3663F0341803E5B573AA12C4100A8D788C83B03418073826A33A12C4100862807D13B03418086241028A12C410068A71CDC3B034100399CF517A12C41004E3DE8E53B0341802BFF3D30A12C41002032F2D43C0341006E18F74BA12C4100FA97278B3F034100A3B99D56A12C41000E4C01863F0341
5024000080,2589 RICHMOND AVENUE,1,0106000020D7080000010000000103000000010000000E000000805DE538A8A12C41002EC5C8A187024180E2EDBCA4A12C4100BACE746D8702418049CC781FA12C4100324338FB8702418001A2B2BDA02C4100726D983C82024100CFF69441A02C41001C94C31A810241800084243B9E2C410006D90D7F830241009C6692069E2C4100405525BD83024100F8EA8EF79E2C4100D6E7C27D90024100ADD4EC26A02C4100E68EA9138F024100F2973429A12C41002A7A60DF8D024100EB3941E6A02C41001A817E578A024100267BB909A12C410004139A2D8A024180CA4F8CE8A02C410010CEAF6D880241805DE538A8A12C41002EC5C8A1870241
5028390026,130 NORWOOD AVENUE,1,0106000020D70800000100000001030000000100000005000000808F49C1CB652D410066811194250441007F447CA5652D410096A06F2B2504418023389931652D410036A547C127044180333DDE57652D41000886E929280441808F49C1CB652D410066811194250441
5028990301, MOSEL AVENUE,1,0106000020D7080000010000000103000000010000000700000000E2A603725B2D4100EEA72C75A80341802574418E5B2D4100F2F77B41A8034100F43FBA685B2D4100D443B7F9A6034100749A8D225B2D410024B7F980A70341003B1D0E155B2D41004EA8A506A803418006E89F2F5B2D4100164EB2EEA8034100E2A603725B2D4100EEA72C75A80341
5031210097,16 WATERFORD COURT,1,0106000020D7080000010000000103000000010000000600000080B9A6EC3B7F2D410066F925242D0341001C8E89257F2D4100D0E844EF2C034100D7AE42087F2D41003CF51BAA2C0341007C1972AD7E2D410042BB50032F0341005E111CE17E2D41006CBF5A7D2F034180B9A6EC3B7F2D410066F925242D0341
5033150069,44 BEAR STREET,1,0106000020D7080000010000000103000000010000000500000080C9972BFA3C2D4100C04ABE34F1024100A4B4B2893C2D41007E80839FEE024100CE1334533C2D41001E06D034EF024180F3F6ACC33C2D4100627C0BCAF1024180C9972BFA3C2D4100C04ABE34F10241
5034810037,649 OCEANSIDE AVENUE,1,0106000020D7080000010000000103000000010000000500000000CD3E133A5E2D4100282C291157024100B45045225E2D4100D04CB083560241801A58AA925D2D410036D6E30B58024180334678AA5D2D410090B55C9958024100CD3E133A5E2D4100282C2911570241
5036790011,333 HUNTER AVENUE,1,0106000020D7080000010000000103000000010000000500000000B510FB25352D410040A3DF3254024100D72B41B3342D4100BC739B8751024100375D0292342D41002A234EDE5102418065495505352D41006E18208D54024100B510FB25352D410040A3DF32540241
5037980042, GRIMSBY STREET,1,0106000020D70800000100000001030000000100000005000000800B8D36AD3C2D4100B869D1AE1C024180C56923963C2D41003C87022F1C0241003FABCEEF3B2D41003A9D01081E02418085CEE1063C2D4100B67FD0871E0241800B8D36AD3C2D4100B869D1AE1C0241
5038380018,620 QUINCY AVENUE,1,0106000020D70800000100000001030000000100000005000000809DB9CD345A2D4100566F15DD53024180CF82F0185A2D4100289A4A3553024100CEED6F69592D4100C8EA1112550241809B244D85592D4100F6BFDCB9550241809DB9CD345A2D4100566F15DD530241
5040650025,12 HETT AVENUE,1,0106000020D70800000100000001030000000100000006000000802DB1B6C82E2D41001C4BB0C6BC014180F68C8DAE2E2D41000EEBCB31BC0141805D3DD0AB2E2D4100BCBE3422BC0141009D7AF9062E2D41001EE510F4BD014100297A10242E2D41007AE2C497BE0141802DB1B6C82E2D41001C4BB0C6BC0141
5043350135,2709 AMBOY ROAD,1,0106000020D70800000100000001030000000100000006000000803A3346F4FE2C4100B01848ACFA014100C9593668FF2C4100FC81104CF901410018F79415FF2C41006092D5D3F70141004A1F3368FE2C4100481C92E2F90141004549A2B2FE2C410038D4B273FB0141803A3346F4FE2C4100B01848ACFA0141
5046450098,377 TIMBER RIDGE DRIVE,1,0106000020D7080000010000000103000000010000001400000080043A650AD52C41003E05B37141014180E24D13A6D42C41004A71936D4101418092938BA7D42C41004A8F248E410141006E5AC4A7D42C410058608D924101418072B607A8D42C41005ABB659541014100FB2B6DA8D42C4100FEBE679841014180C196E2A8D42C4100ECE0F89A41014100827E56A9D42C4100962CF49C41014180DC35F2A9D42C4100B25C0C9F41014180E0C4B9AAD42C410064AC09A141014180A8DF71ABD42C410076F558A24101410059C323ACD42C4100D25C37A3410141802F90DFACD42C4100EAC6C1A341014100C6BB8AADD42C41009A77EFA3410141002AF828AED42C410036EFD5A34101418080DCC7CDD42C41003E8822A541014180BBF694CDD42C41002A67B5C5430141002D5FF5E4D42C4100E052ABC6430141802AF42C0AD52C4100CC0C33C843014180043A650AD52C41003E05B371410141
5047050173,135 PLATT STREET,1,0106000020D70800000100000001030000000100000009000000007B9A8C64F82C410086A9083D9601410023268BF4F72C41005813D1D894014180C555B7E5F72C4100E6FF201B95014180191B5AE7F72C41000A0AD11F95014180DEA1C3A1F72C410022FE0957960141006EDFFDFFF72C410064FDC9A49701410082AEA941F82C4100AAD5227C96014100DE1F634DF82C410054DEA9A5960141007B9A8C64F82C410086A9083D960141
5049640020,14 BUFFALO STREET,1,0106000020D70800000100000001030000000100000006000000002639BCD3E52C410028F3CFCD83014180EC26998CE52C4100EE65737C820141001E083049E52C41005EFF4E61830141003DE9F548E52C4100FEF34C99830141007743278AE52C410024CC77CE840141002639BCD3E52C410028F3CFCD830141
5053080001,13 CRESCENT BEACH,2,0106000020D7080000010000000103000000010000000900000000E9FBA6E2D12C4100F0C1A6CD7A0041001AD766B3D12C410080DF7F247A0041803178CA90D12C41000414CDA37A00418084504749D12C4100B059D6AA7B004180CDDD59B8D02C410014E0E6BF7D004180ECA195FBD02C4100F655B4DC7E004100D4234A84D12C4100A287FA757C004100FA15F2C4D12C4100C2DA3B537B004100E9FBA6E2D12C4100F0C1A6CD7A0041
5055890012, BAMBERGER LANE,1,0106000020D7080000010000000103000000010000000500000080EF98AF8C9F2C4100F27A8006B3004180C3DE45CA9E2C4100C0FE91AEB20041006A9AB8C39E2C4100E20DA66EB3004100968364869F2C41008CC6B2C6B3004180EF98AF8C9F2C4100F27A8006B30041
5057350330,104 PRESENTATION CIRCLE,1,0106000020D7080000010000000103000000010000000E00000080B1E5F85A772C410098A4AA184E0141804DF564F8762C41006AB585EF4D014100D328E9F4762C4100102016484E014180C73FF4EE762C4100FC9987DF4E014180BE2D00E9762C4100A043E6764F01410074CAB8E2762C41002EC1841650014100729508DD762C4100BEF025A750014100642B13D7762C4100DC2EA43E5101410065EB32D3762C4100249030A151014100B25D02E2762C41000EEC5EA751014180AED3D402772C41000CA511B551014180AA1EA723772C41000C5EC4C251014100D6303242772C41005EDB83CF51014180B1E5F85A772C410098A4AA184E0141
5062050040, EAGAN AVENUE,1,0106000020D708000001000000010300000001000000080000008058546098922C41000CBA92B89D004180AC8D71E8912C4100E8CA05709C0041008DAF2CE1912C4100EC449CAF9C004180F3ACF427912C4100CA219F599B0041805E945111912C4100E03F901D9C00410057D09843922C410092257B339E0041005575447E922C41004851C2999E00418058546098922C41000CBA92B89D0041
5063190102,838 WOODROW ROAD,1,0106000020D7080000010000000103000000010000000800000000FBFD3F64662C41001E8E2EAADB004100961B0F69662C4100C8C6EE41DB0041000667CA6C662C410064498102DB004100057921FD652C410004EE9E68DA004100A8AAE2D9652C4100187A0C38DA004100367887BB652C41000A1306EEDC004100B6F70F42662C410000D92E8FDE004100FBFD3F64662C41001E8E2EAADB0041
5065850029, AMBOY ROAD,2,0106000020D7080000010000000103000000010000000500000000E3D04451692C4100400D2DD73800410089B79CF3682C4100E46C7A0D38004100C25AB845682C4100A0A8EC1E3D0041807E19889D682C4100BA7D3C143E004100E3D04451692C4100400D2DD7380041
5069490026, LENEVAR AVENUE,1,0106000020D7080000010000000103000000010000000600000000F572337E482C4100F4D7CEA72F0041002CCF6AC4472C41009C2318392F00418060687277472C410026C2390B2F00418003E22E72472C4100006794892F00410044EAED6B482C41006ACF8AF330004100F572337E482C4100F4D7CEA72F0041
5069790302,88 SANTA MONICA LANE,1,0106000020D7080000010000000103000000010000000500000000A7FCB25B3B2C4100C00F6C6072004100A651D4163C2C41005EE3D88E72004100C85FC61B3C2C4100D8ACB0C771004100C9DFA4603B2C41003AD9439971004100A7FCB25B3B2C4100C00F6C60720041
5070930005,100 HARRIS LANE,1,0106000020D70800000100000001030000000100000005000000805376B6182B2C410068515DB9B400410009C60F392A2C410012A34AB6B3004100609CCF2E2A2C410022A55440B4004180CBB27E0E2B2C4100A2137243B50041805376B6182B2C410068515DB9B40041
5071050579,28 PLUMTREE LANE,1,0106000020D7080000010000000103000000010000000F000000802DC36620292C410050C6E329B400410056E09584282C4100A275DA76B3004100EE399778282C41000498A233B4004180FAE43505292C4100C4781DD5B400410019D35708292C4100BCABE1D5B40041002F92770B292C41001243ADD4B4004100F04F810E292C4100ECFA88D1B400418012116211292C41008EA387CCB400418050B10714292C410074D1C8C5B400418068646116292C4100468577BDB400418021626018292C4100CC7BC7B3B40041804B3CF819292C4100F285F6A8B4004180BEB31E1B292C4100C280489DB40041005F8FCC1B292C410058550791B40041802DC36620292C410050C6E329B40041
5073170276,125 PEMBROOK LOOP,1,0106000020D7080000010000000103000000010000000500000000FDE4C9802B2C4100DC411AF56B004180CB50FE692B2C410060FC47AA6B004180605765FF2A2C4100C6F3E4A96D004180F3EE07162B2C41003EC47CF56D004100FDE4C9802B2C4100DC411AF56B0041
5075780035,75 PAGE AVENUE,1,0106000020D7080000010000000103000000010000000600000080C1665B760C2C4100B09A8733ABFF40800E1BA0740C2C4100201E6CBAAAFF4000D75ABF6A0C2C410078DD9E07A8FF4080327D00740B2C4100ECE75AC2A8FF40807D879B7C0B2C4100F08589F0ABFF4080C1665B760C2C4100B09A8733ABFF40
5075960206,38 PILOT LANE,1,0106000020D7080000010000000103000000010000000D00000080DB75D25FFD2B410074167BDF2D00418024A1AA86FD2B41003C39089E2D0041806D1B9281FD2B4100864F106F2D004180CE226DA0FD2B41005E5A123B2D004100C77B2E99FD2B4100F8CF48F82C004180E0A72FA0FD2B4100548E7CEC2C0041805FC61399FD2B4100C830F4AA2C004180E4673773FD2B41009667BEEA2C0041803ACBE86EFD2B4100FA590AC32C004100A692F446FD2B410070F65C062D004100C605972BFD2B4100D47C78342D004180AFB05843FD2B410014B0750F2E004180DB75D25FFD2B410074167BDF2D0041
5077920310,211 CHEEVERS LANE,1,0106000020D708000001000000010300000001000000070000008034346917102C410020A0FEF0C8FE40807DFC60FD0F2C410090909EC3C8FE4080BD3EA8B70F2C410068EA184AC8FE4000EAB288750F2C41001CAE78DACFFE408057E0CA810F2C4100B4D4B7ECCFFE4000701214D60F2C410020B22E6AD0FE408034346917102C410020A0FEF0C8FE40
5079280089, CONNECTICUT STREET,2,0106000020D7080000010000000103000000010000000500000080C6622266EA2B410020C709F626FE40009C5323A1E92B41009C40015D25FE4080984EDF89E92B41002C45B22B28FE40808C9F544FEA2B4100685FAFC529FE4080C6622266EA2B410020C709F626FE40
