1000010010.0,,,,,,,
1000010201.0,,,,,,,
1000020001.0,,,,,,,
1000020002.0,,,,,,,
1000030001.0,,,,,,,
1000030003.0,,,,,,,
1000030010.0,,,,,,,
1000090001.0,,,,,,,
1000090014.0,,,,,,,
1000100023.0,,,,,,,
1000110001.0,,,,,,,
1000160001.0,,,,,,,
1000160003.0,,,,,,,
1000160010.0,,,,,,,
1000160125.0,,,,,,,
1000160140.0,,,,,,,
1000160160.0,,,,,,,
1000160180.0,,,,,,,
1000160220.0,,,,,,,
1000167505.0,,,,,,,
1000167507.0,,,,,,,
1000167508.0,,,,,,,
1000167509.0,,,,,,,
1000167515.0,,,,,,,
1000167516.0,,,,,,,
1000167519.0,,,,,,,
1000167520.0,,,,,,,
1000167523.0,,,,,,,
1000170029.0,,,,,,,
1000180100.0,,,,,,,
1000220013.0,,,,,,,
1000230019.0,,,,,,,
1000240001.0,,,,,,,
1000250001.0,,,,,,,
1000250019.0,,,,,,,
1000257501.0,,,,,,,
1000260014.0,,,,,,,
1000260021.0,,,,,,,
1000267501.0,,,,,,,
1000270009.0,,,,,,,
1000290001.0,,,,,,,
1000290070.0,,,,,,,
1000330011.0,,,,,,,
1000360012.0,,,,,,,
1000360018.0,,,,,,,
1000360025.0,,,,,,,
1000360030.0,,,,,,,
1000370001.0,,,,,,,
1000370008.0,,,,,,,
1000400003.0,,,,,,,
1000407501.0,,,,,,,
1000420022.0,,,,,,,
1000420031.0,,,,,,,
1000430002.0,,,,,,,
1000440001.0,,,,,,,
1000510001.0,,,,,,,
1000510007.0,,,,,,,
1000510013.0,,,,,,,
1000540001.0,,,,,,,
1000540030.0,,,,,,,
1000550014.0,,,,,,,
1000557501.0,,,,,,,
1000560004.0,,,,,,,
1000560015.0,,,,,,,
1000580001.0,,,,,,,
1000670001.0,,,,,,,
1000670023.0,,,,,,,
1000690018.0,,,,,,,
1000700043.0,,,,,,,
1000730002.0,,,,,,,
1000730008.0,,,,,,,
1000730010.0,,,,,,,
1000730014.0,,,,,,,
1000730017.0,,,,,,,
1000730029.0,,,,,,,
1000740001.0,,,,,,,
1000740020.0,,,,,,,
1000750001.0,,,,,,,
1000767502.0,,,,,,,
1000770015.0,,,,,,,
1000780004.0,,,,,,,
1000800001.0,,,,,,,
1000800004.0,,,,,,,
1000840036.0,,,,,,,
1000937501.0,,,,,,,
1000940001.0,,,,,,,
1000950027.0,,,,,,,
1000960005.0,,,,,,,
1001007502.0,,,,,,,
1001060009.0,,,,,,,
1001110100.0,,,,,,,
1001110160.0,,,,,,,
1001130100.0,,,,,,,
1001137501.0,,,,,,,
1001170001.0,,,,,,,
1001210001.0,,,,,,,
1001210027.0,,,,,,,
1001260027.0,,,,,,,
1001280002.0,,,,,,,
1001327501.0,,,,,,,
1001347505.0,,,,,,,
1001357504.0,,,,,,,
1001377502.0,,,,,,,
1001420001.0,,,,,,,
1001420025.0,,,,,,,
1001420030.0,,,,,,,
1001427501.0,,,,,,,
1001480015.0,,,,,,,
1001510001.0,,,,,,,
1001540001.0,,,,,,,
1001550001.0,,,,,,,
1001560001.0,,,,,,,
1001580001.0,,,,,,,
1001580061.0,,,,,,,
1001590040.0,,,,,,,
1001600001.0,,,,,,,
1001600021.0,,,,,,,
1001650001.0,,,,,,,
1001670001.0,,,,,,,
1001700020.0,,,,,,,
1001720020.0,,,,,,,
1001740036.0,,,,,,,
1001760018.0,,,,,,,
1001840005.0,,,,,,,
1001840008.0,,,,,,,
1001977502.0,,,,,,,
1002090028.0,,,,,,,
1002147503.0,,,,,,,
1002187501.0,,,,,,,
1002210001.0,,,,,,,
1002210030.0,,,,,,,
1002250008.0,,,,,,,
1002270028.0,,,,,,,
1002400006.0,,,,,,,
1002410013.0,,,,,,,
1002430056.0,,,,,,,
1002460005.0,,,,,,,
1002467501.0,,,,,,,
1002470001.0,,,,,,,
1002480015.0,,,,,,,
1002490999.0,,,,,,,
1002540001.0,,,,,,,
1002540020.0,,,,,,,
1002550001.0,,,,,,,
1002550012.0,,,,,,,
1002560001.0,,,,,,,
1002560014.0,,,,,,,
1002590028.0,,,,,,,
1002620025.0,,,,,,,
1002630001.0,,,,,,,
1002630008.0,,,,,,,
1002777501.0,,,,,,,
1002880015.0,,,,,,,
1002890001.0,,,,,,,
1002890050.0,,,,,,,
1002930001.0,,,,,,,
1002970001.0,,,,,,,
1003110001.0,,,,,,,
1003110006.0,,,,,,,
1003110013.0,,,,,,,
1003150001.0,,,,,,,
1003160200.0,,,,,,,
1003230001.0,,,,,,,
1003250011.0,,,,,,,
1003310065.0,,,,,,,
1003360001.0,,,,,,,
1003410058.0,,,,,,,
1003420060.0,,,,,,,
1003440060.0,,,,,,,
1003450048.0,,,,,,,
1003460075.0,,,,,,,
1003467501.0,,,,,,,
1003497501.0,,,,,,,
1003530044.0,,,,,,,
1003530054.0,,,,,,,
1003560001.0,,,,,,,
1003560090.0,,,,,,,
1003670001.0,,,,,,,
1003740020.0,,,,,,,
1003750001.0,,,,,,,
1003777503.0,,,,,,,
1003780001.0,,,,,,,
1003860033.0,,,,,,,
1003870001.0,,,,,,,
1003900005.0,,,,,,,
1003907502.0,,,,,,,
1003910030.0,,,,,,,
1003937501.0,,,,,,,
1003950009.0,,,,,,,
1003950022.0,,,,,,,
1003960010.0,,,,,,,
1003977503.0,,,,,,,
1003990011.0,,,,,,,
1004077503.0,,,,,,,
1004097502.0,,,,,,,
1004120053.0,,,,,,,
1004127501.0,,,,,,,
1004160001.0,,,,,,,
1004170001.0,,,,,,,
1004200047.0,,,,,,,
1004210052.0,,,,,,,
1004230012.0,,,,,,,
1004250004.0,,,,,,,
1004277504.0,,,,,,,
1004290021.0,,,,,,,
1004300001.0,,,,,,,
1004300010.0,,,,,,,
1004410010.0,,,,,,,
1004417503.0,,,,,,,
1004417504.0,,,,,,,
1004420001.0,,,,,,,
1004430056.0,,,,,,,
1004460013.0,,,,,,,
1004460020.0,,,,,,,
1004517502.0,,,,,,,
1004530011.0,,,,,,,
1004560007.0,,,,,,,
1004570028.0,,,,,,,
1004580030.0,,,,,,,
1004600001.0,,,,,,,
1004650001.0,,,,,,,
1004660026.0,,,,,,,
1004697506.0,,,,,,,
1004700061.0,,,,,,,
1004760007.0,,,,,,,
1004830007.0,,,,,,,
1004840001.0,,,,,,,
1004910016.0,,,,,,,
1004930030.0,,,,,,,
1004970009.0,,,,,,,
1005030030.0,,,,,,,
1005050031.0,,,,,,,
1005050036.0,,,,,,,
1005060027.0,,,,,,,
1005067501.0,,,,,,,
1005080025.0,,,,,,,
1005090001.0,,,,,,,
1005160007.0,,,,,,,
1005200001.0,,,,,,,
1005210045.0,,,,,,,
1005240001.0,,,,,,,
1005260001.0,,,,,,,
1005270027.0,,,,,,,
1005317501.0,,,,,,,
1005320020.0,,,,,,,
1005400014.0,,,,,,,
1005430032.0,,,,,,,
1005440016.0,,,,,,,
1005440050.0,,,,,,,
1005447503.0,,,,,,,
1005450006.0,,,,,,,
1005450015.0,,,,,,,
1005450026.0,,,,,,,
1005450053.0,,,,,,,
1005470030.0,,,,,,,
1005480004.0,,,,,,,
1005560036.0,,,,,,,
1005560044.0,,,,,,,
1005560048.0,,,,,,,
1005570001.0,,,,,,,
1005577501.0,,,,,,,
1005590009.0,,,,,,,
1005590022.0,,,,,,,
1005617501.0,,,,,,,
1005620001.0,,,,,,,
1005620024.0,,,,,,,
1005630001.0,,,,,,,
1005630037.0,,,,,,,
1005650011.0,,,,,,,
1005707503.0,,,,,,,
1005750017.0,,,,,,,
1005760025.0,,,,,,,
1005770024.0,,,,,,,
1005770030.0,,,,,,,
1005770034.0,,,,,,,
1005790035.0,,,,,,,
1005800011.0,,,,,,,
1005850041.0,,,,,,,
1005947501.0,,,,,,,
1005947511.0,,,,,,,
1006000038.0,,,,,,,
1006010013.0,,,,,,,
1006017503.0,,,,,,,
1006020010.0,,,,,,,
1006030049.0,,,,,,,
1006047501.0,,,,,,,
1006050031.0,,,,,,,
1006057501.0,,,,,,,
1006060013.0,,,,,,,
1006060049.0,,,,,,,
1006080039.0,,,,,,,
1006090023.0,,,,,,,
1006167501.0,,,,,,,
1006200033.0,,,,,,,
1006230002.0,,,,,,,
1006247504.0,,,,,,,
1006260012.0,,,,,,,
1006280004.0,,,,,,,
1006297503.0,,,,,,,
1006320017.0,,,,,,,
1006360022.0,,,,,,,
1006367503.0,,,,,,,
1006370066.0,,,,,,,
1006380019.0,,,,,,,
1006407501.0,,,,,,,
1006440001.0,,,,,,,
1006440005.0,,,,,,,
1006440010.0,,,,,,,
1006450011.0,,,,,,,
1006450029.0,,,,,,,
1006460001.0,,,,,,,
1006467501.0,,,,,,,
1006510001.0,,,,,,,
1006510007.0,,,,,,,
1006510013.0,,,,,,,
1006510105.0,,,,,,,
1006560001.0,,,,,,,
1006560009.0,,,,,,,
1006620002.0,,,,,,,
1006620003.0,,,,,,,
1006620011.0,,,,,,,
1006620016.0,,,,,,,
1006620019.0,,,,,,,
1006620062.0,,,,,,,
1006650010.0,,,,,,,
1006650011.0,,,,,,,
1006650014.0,,,,,,,
1006700050.0,,,,,,,
1006750001.0,,,,,,,
1006750012.0,,,,,,,
1006900012.0,,,,,,,
1006900029.0,,,,,,,
1006920053.0,,,,,,,
1006930018.0,,,,,,,
1006930023.0,,,,,,,
1006940065.0,,,,,,,
1006980001.0,,,,,,,
1006990005.0,,,,,,,
1006997503.0,,,,,,,
1007000009.0,,,,,,,
1007000027.0,,,,,,,
1007020175.0,,,,,,,
1007080001.0,,,,,,,
1007080020.0,,,,,,,
1007080049.0,,,,,,,
1007090014.0,,,,,,,
1007100011.0,,,,,,,
1007100015.0,,,,,,,
1007100029.0,,,,,,,
1007120006.0,,,,,,,
1007140031.0,,,,,,,
1007150010.0,,,,,,,
1007180001.0,,,,,,,
1007187501.0,,,,,,,
1007187502.0,,,,,,,
1007187503.0,,,,,,,
1007240001.0,,,,,,,
1007240010.0,,,,,,,
1007240015.0,,,,,,,
1007280001.0,,,,,,,
1007280042.0,,,,,,,
1007280069.0,,,,,,,
1007290060.0,,,,,,,
1007310054.0,,,,,,,
1007310072.0,,,,,,,
1007320011.0,,,,,,,
1007320025.0,,,,,,,
1007330017.0,,,,,,,
1007330023.0,,,,,,,
1007340030.0,,,,,,,
1007340037.0,,,,,,,
1007350018.0,,,,,,,
1007360001.0,,,,,,,
1007360022.0,,,,,,,
1007360073.0,,,,,,,
1007387501.0,,,,,,,
1007407502.0,,,,,,,
1007420007.0,,,,,,,
1007470001.0,,,,,,,
1007480001.0,,,,,,,
1007490070.0,,,,,,,
1007510001.0,,,,,,,
1007530056.0,,,,,,,
1007570022.0,,,,,,,
1007587501.0,,,,,,,
1007590008.0,,,,,,,
1007610043.0,,,,,,,
1007620025.0,,,,,,,
1007620060.0,,,,,,,
1007720075.0,,,,,,,
1007770018.0,,,,,,,
1007770037.0,,,,,,,
1007800026.0,,,,,,,
1007840019.0,,,,,,,
1007840041.0,,,,,,,
1007850001.0,,,,,,,
1007860051.0,,,,,,,
1007870040.0,,,,,,,
1007890030.0,,,,,,,
1007900001.0,,,,,,,
1007937505.0,,,,,,,
1007940001.0,,,,,,,
1007967504.0,,,,,,,
1007980041.0,,,,,,,
1007987502.0,,,,,,,
1007990003.0,,,,,,,
1007990035.0,,,,,,,
1008050075.0,,,,,,,
1008057502.0,,,,,,,
1008077502.0,,,,,,,
1008090045.0,,,,,,,
1008090053.0,,,,,,,
1008090069.0,,,,,,,
1008110021.0,,,,,,,
1008120022.0,,,,,,,
1008130023.0,,,,,,,
1008140015.0,,,,,,,
1008140019.0,,,,,,,
1008147501.0,,,,,,,
1008150021.0,,,,,,,
1008150046.0,,,,,,,
1008160007.0,,,,,,,
1008160023.0,,,,,,,
1008160031.0,,,,,,,
1008170072.0,,,,,,,
1008177502.0,,,,,,,
1008187501.0,,,,,,,
1008190039.0,,,,,,,
1008240011.0,,,,,,,
1008240015.0,,,,,,,
1008240028.0,,,,,,,
1008250001.0,,,,,,,
1008250024.0,,,,,,,
1008260001.0,,,,,,,
1008260046.0,,,,,,,
1008267501.0,,,,,,,
1008270001.0,,,,,,,
1008270022.0,,,,,,,
1008280041.0,,,,,,,
1008310068.0,,,,,,,
1008320001.0,,,,,,,
1008320027.0,,,,,,,
1008330011.0,,,,,,,
1008340011.0,,,,,,,
1008340022.0,,,,,,,
1008340049.0,,,,,,,
1008360010.0,,,,,,,
1008360020.0,,,,,,,
1008360026.0,,,,,,,
1008370030.0,,,,,,,
1008427501.0,,,,,,,
1008430022.0,,,,,,,
1008460030.0,,,,,,,
1008470062.0,,,,,,,
1008490016.0,,,,,,,
1008497504.0,,,,,,,
1008517501.0,,,,,,,
1008570066.0,,,,,,,
1008577503.0,,,,,,,
1008580017.0,,,,,,,
1008610015.0,,,,,,,
1008610044.0,,,,,,,
1008627503.0,,,,,,,
1008627504.0,,,,,,,
1008647501.0,,,,,,,
1008660025.0,,,,,,,
1008670070.0,,,,,,,
1008690074.0,,,,,,,
1008707501.0,,,,,,,
1008710003.0,,,,,,,
1008720013.0,,,,,,,
1008720057.0,,,,,,,
1008730010.0,,,,,,,
1008730019.0,,,,,,,
1008740001.0,,,,,,,
1008787501.0,,,,,,,
1008790030.0,,,,,,,
1008830044.0,,,,,,,
1008840030.0,,,,,,,
1008870095.0,,,,,,,
1008890039.0,,,,,,,
1008950001.0,,,,,,,
1008950045.0,,,,,,,
1008970016.0,,,,,,,
1008987501.0,,,,,,,
1009010006.0,,,,,,,
1009020001.0,,,,,,,
1009020031.0,,,,,,,
1009037501.0,,,,,,,
1009037502.0,,,,,,,
1009040024.0,,,,,,,
1009070056.0,,,,,,,
1009080017.0,,,,,,,
1009090001.0,,,,,,,
1009100027.0,,,,,,,
1009117503.0,,,,,,,
1009127502.0,,,,,,,
1009130007.0,,,,,,,
1009170006.0,,,,,,,
1009170034.0,,,,,,,
1009180014.0,,,,,,,
1009187501.0,,,,,,,
1009190014.0,,,,,,,
1009220046.0,,,,,,,
1009250001.0,,,,,,,
1009287503.0,,,,,,,
1009290001.0,,,,,,,
1009290038.0,,,,,,,
1009300012.0,,,,,,,
1009300020.0,,,,,,,
1009310001.0,,,,,,,
1009340001.0,,,,,,,
1009340015.0,,,,,,,
1009340020.0,,,,,,,
1009350013.0,,,,,,,
1009367501.0,,,,,,,
1009390001.0,,,,,,,
1009440010.0,,,,,,,
1009447502.0,,,,,,,
1009620050.0,,,,,,,
1009620080.0,,,,,,,
1009620100.0,,,,,,,
1009620108.0,,,,,,,
1009627501.0,,,,,,,
1009627502.0,,,,,,,
1009670001.0,,,,,,,
1009690022.0,,,,,,,
1009700001.0,,,,,,,
1009700014.0,,,,,,,
1009810002.0,,,,,,,
1009880075.0,,,,,,,
1009900001.0,,,,,,,
1009900070.0,,,,,,,
1009910050.0,,,,,,,
1009910059.0,,,,,,,
1009910060.0,,,,,,,
1009910061.0,,,,,,,
1009930011.0,,,,,,,
1009930029.0,,,,,,,
1009930055.0,,,,,,,
1009947502.0,,,,,,,
1009960001.0,,,,,,,
1009960029.0,,,,,,,
1009970001.0,,,,,,,
1009970010.0,,,,,,,
1009970029.0,,,,,,,
1009980029.0,,,,,,,
1009990012.0,,,,,,,
1009990019.0,,,,,,,
1010030005.0,,,,,,,
1010037501.0,,,,,,,
1010057501.0,,,,,,,
1010067501.0,,,,,,,
1010070005.0,,,,,,,
1010080015.0,,,,,,,
1010087503.0,,,,,,,
1010090019.0,,,,,,,
1010090029.0,,,,,,,
1010107506.0,,,,,,,
1010117502.0,,,,,,,
1010120015.0,,,,,,,
1010130039.0,,,,,,,
1010137501.0,,,,,,,
1010140039.0,,,,,,,
1010150001.0,,,,,,,
1010157501.0,,,,,,,
1010177501.0,,,,,,,
1010180018.0,,,,,,,
1010210001.0,,,,,,,
1010230011.0,,,,,,,
1010240015.0,,,,,,,
1010240038.0,,,,,,,
1010240052.0,,,,,,,
1010250025.0,,,,,,,
1010250043.0,,,,,,,
1010277503.0,,,,,,,
1010280029.0,,,,,,,
1010280056.0,,,,,,,
1010287501.0,,,,,,,
1010290014.0,,,,,,,
1010307501.0,,,,,,,
1010320029.0,,,,,,,
1010327501.0,,,,,,,
1010330001.0,,,,,,,
1010330025.0,,,,,,,
1010330041.0,,,,,,,
1010340048.0,,,,,,,
1010350017.0,,,,,,,
1010390017.0,,,,,,,
1010390032.0,,,,,,,
1010410029.0,,,,,,,
1010410050.0,,,,,,,
1010427501.0,,,,,,,
1010430022.0,,,,,,,
1010440003.0,,,,,,,
1010447501.0,,,,,,,
1010450061.0,,,,,,,
1010460001.0,,,,,,,
1010477503.0,,,,,,,
1010480020.0,,,,,,,
1010497501.0,,,,,,,
1010500013.0,,,,,,,
1010510029.0,,,,,,,
1010517502.0,,,,,,,
1010550001.0,,,,,,,
1010610054.0,,,,,,,
1010617502.0,,,,,,,
1010620019.0,,,,,,,
1010637502.0,,,,,,,
1010637503.0,,,,,,,
1010650012.0,,,,,,,
1010660029.0,,,,,,,
1010660037.0,,,,,,,
1010670012.0,,,,,,,
1010680003.0,,,,,,,
1010690043.0,,,,,,,
1010700005.0,,,,,,,
1010700020.0,,,,,,,
1010710001.0,,,,,,,
1010710042.0,,,,,,,
1010717502.0,,,,,,,
1010720001.0,,,,,,,
1010720010.0,,,,,,,
1010720015.0,,,,,,,
1010720050.0,,,,,,,
1010737502.0,,,,,,,
1010740063.0,,,,,,,
1010747502.0,,,,,,,
1010760001.0,,,,,,,
1010777501.0,,,,,,,
1010780001.0,,,,,,,
1010790003.0,,,,,,,
1010800103.0,,,,,,,
1010817501.0,,,,,,,
1010817502.0,,,,,,,
1010850023.0,,,,,,,
1010860024.0,,,,,,,
1010867501.0,,,,,,,
1010897502.0,,,,,,,
1010900001.0,,,,,,,
1010907501.0,,,,,,,
1010907502.0,,,,,,,
1010920016.0,,,,,,,
1010930021.0,,,,,,,
1010940017.0,,,,,,,
1010940027.0,,,,,,,
1010980048.0,,,,,,,
1010990021.0,,,,,,,
1011030044.0,,,,,,,
1011040001.0,,,,,,,
1011040031.0,,,,,,,
1011070005.0,,,,,,,
1011070011.0,,,,,,,
1011070012.0,,,,,,,
1011070014.0,,,,,,,
1011070030.0,,,,,,,
1011090005.0,,,,,,,
1011090021.0,,,,,,,
1011090030.0,,,,,,,
1011090099.0,,,,,,,
1011100001.0,,,,,,,
1011130001.0,,,,,,,
1011147502.0,,,,,,,
1011157502.0,,,,,,,
1011167501.0,,,,,,,
1011170001.0,,,,,,,
1011177502.0,,,,,,,
1011180001.0,,,,,,,
1011180014.0,,,,,,,
1011190008.0,,,,,,,
1011190021.0,,,,,,,
1011210029.0,,,,,,,
1011290029.0,,,,,,,
1011310016.0,,,,,,,
1011320001.0,,,,,,,
1011320020.0,,,,,,,
1011340001.0,,,,,,,
1011377501.0,,,,,,,
1011380001.0,,,,,,,
1011387501.0,,,,,,,
1011387502.0,,,,,,,
1011407502.0,,,,,,,
1011477501.0,,,,,,,
1011517503.0,,,,,,,
1011520013.0,,,,,,,
1011540101.0,,,,,,,
1011560001.0,,,,,,,
1011587501.0,,,,,,,
1011587505.0,,,,,,,
1011657503.0,,,,,,,
1011660135.0,,,,,,,
1011677502.0,,,,,,,
1011687501.0,,,,,,,
1011710001.0,,,,,,,
1011710004.0,,,,,,,
1011710012.0,,,,,,,
1011710061.0,,,,,,,
1011710062.0,,,,,,,
1011710063.0,,,,,,,
1011710128.0,,,,,,,
1011710130.0,,,,,,,
1011710136.0,,,,,,,
1011710173.0,,,,,,,
1011710200.0,,,,,,,
1011717506.0,,,,,,,
1011797502.0,,,,,,,
1011830053.0,,,,,,,
1011870001.0,,,,,,,
1011870004.0,,,,,,,
1012030001.0,,,,,,,
1012040021.0,,,,,,,
1012070001.0,,,,,,,
1012070034.0,,,,,,,
1012090001.0,,,,,,,
1012097502.0,,,,,,,
1012140029.0,,,,,,,
1012150001.0,,,,,,,
1012190001.0,,,,,,,
1012197501.0,,,,,,,
1012200001.0,,,,,,,
1012210029.0,,,,,,,
1012240029.0,,,,,,,
1012250001.0,,,,,,,
1012260029.0,,,,,,,
1012347501.0,,,,,,,
1012360037.0,,,,,,,
1012420009.0,,,,,,,
1012420055.0,,,,,,,
1012450047.0,,,,,,,
1012500067.0,,,,,,,
1012510001.0,,,,,,,
1012530093.0,,,,,,,
1012540001.0,,,,,,,
1012580009.0,,,,,,,
1012590019.0,,,,,,,
1012600014.0,,,,,,,
1012600024.0,,,,,,,
1012607503.0,,,,,,,
1012670022.0,,,,,,,
1012687501.0,,,,,,,
1012690020.0,,,,,,,
1012700034.0,,,,,,,
1012700071.0,,,,,,,
1012710038.0,,,,,,,
1012720063.0,,,,,,,
1012727503.0,,,,,,,
1012737501.0,,,,,,,
1012740011.0,,,,,,,
1012750023.0,,,,,,,
1012750027.0,,,,,,,
1012760001.0,,,,,,,
1012760042.0,,,,,,,
1012820017.0,,,,,,,
1012840007.0,,,,,,,
1012850015.0,,,,,,,
1012850036.0,,,,,,,
1012870014.0,,,,,,,
1012870028.0,,,,,,,
1012877501.0,,,,,,,
1012880007.0,,,,,,,
1012880027.0,,,,,,,
1012910051.0,,,,,,,
1012917501.0,,,,,,,
1012920052.0,,,,,,,
1012927502.0,,,,,,,
1012950033.0,,,,,,,
1012960014.0,,,,,,,
1012967501.0,,,,,,,
1012970033.0,,,,,,,
1013000033.0,,,,,,,
1013010023.0,,,,,,,
1013010033.0,,,,,,,
1013030053.0,,,,,,,
1013040033.0,,,,,,,
1013060023.0,,,,,,,
1013060033.0,,,,,,,
1013077501.0,,,,,,,
1013090023.0,,,,,,,
1013100059.0,,,,,,,
1013120015.0,,,,,,,
1013120041.0,,,,,,,
1013127501.0,,,,,,,
1013130005.0,,,,,,,
1013137502.0,,,,,,,
1013140021.0,,,,,,,
1013147501.0,,,,,,,
1013160012.0,,,,,,,
1013160023.0,,,,,,,
1013167501.0,,,,,,,
1013180001.0,,,,,,,
1013180022.0,,,,,,,
1013180033.0,,,,,,,
1013190047.0,,,,,,,
1013207501.0,,,,,,,
1013207506.0,,,,,,,
1013210022.0,,,,,,,
1013230047.0,,,,,,,
1013240001.0,,,,,,,
1013270001.0,,,,,,,
1013290017.0,,,,,,,
1013317502.0,,,,,,,
1013320001.0,,,,,,,
1013320029.0,,,,,,,
1013330001.0,,,,,,,
1013377502.0,,,,,,,
1013380040.0,,,,,,,
1013407501.0,,,,,,,
1013417503.0,,,,,,,
1013420012.0,,,,,,,
1013460049.0,,,,,,,
1013480023.0,,,,,,,
1013530001.0,,,,,,,
1013610023.0,,,,,,,
1013640034.0,,,,,,,
1013650009.0,,,,,,,
1013660001.0,,,,,,,
1013667501.0,,,,,,,
1013700015.0,,,,,,,
1013720025.0,,,,,,,
1013730001.0,,,,,,,
1013730003.0,,,,,,,
1013730010.0,,,,,,,
1013730020.0,,,,,,,
1013730025.0,,,,,,,
1013730035.0,,,,,,,
1013730040.0,,,,,,,
1013730060.0,,,,,,,
1013730160.0,,,,,,,
1013737501.0,,,,,,,
1013737505.0,,,,,,,
1013737507.0,,,,,,,
1013737508.0,,,,,,,
1013740014.0,,,,,,,
1013757502.0,,,,,,,
1013800001.0,,,,,,,
1013820069.0,,,,,,,
1013830069.0,,,,,,,
1013870014.0,,,,,,,
1013927501.0,,,,,,,
1013957501.0,,,,,,,
1014060017.0,,,,,,,
1014070001.0,,,,,,,
1014127502.0,,,,,,,
1014130001.0,,,,,,,
1014167501.0,,,,,,,
1014180021.0,,,,,,,
1014197503.0,,,,,,,
1014210021.0,,,,,,,
1014247501.0,,,,,,,
1014250001.0,,,,,,,
1014260035.0,,,,,,,
1014350010.0,,,,,,,
1014350016.0,,,,,,,
1014380010.0,,,,,,,
1014390001.0,,,,,,,
1014400005.0,,,,,,,
1014480003.0,,,,,,,
1014490003.0,,,,,,,
1014497501.0,,,,,,,
1014497502.0,,,,,,,
1014500023.0,,,,,,,
1014530027.0,,,,,,,
1014557501.0,,,,,,,
1014607501.0,,,,,,,
1014610001.0,,,,,,,
1014630021.0,,,,,,,
1014637501.0,,,,,,,
1014650001.0,,,,,,,
1014660003.0,,,,,,,
1014667501.0,,,,,,,
1014697501.0,,,,,,,
1014707501.0,,,,,,,
1014730018.0,,,,,,,
1014750005.0,,,,,,,
1014830038.0,,,,,,,
1014870025.0,,,,,,,
1014880017.0,,,,,,,
1014930021.0,,,,,,,
1014950004.0,,,,,,,
1014970021.0,,,,,,,
1015000040.0,,,,,,,
1015000045.0,,,,,,,
1015000062.0,,,,,,,
1015017501.0,,,,,,,
1015057502.0,,,,,,,
1015090056.0,,,,,,,
1015110033.0,,,,,,,
1015147502.0,,,,,,,
1015157502.0,,,,,,,
1015157503.0,,,,,,,
1015200050.0,,,,,,,
1015240023.0,,,,,,,
1015250001.0,,,,,,,
1015250005.0,,,,,,,
1015250021.0,,,,,,,
1015267502.0,,,,,,,
1015317501.0,,,,,,,
1015340012.0,,,,,,,
1015420019.0,,,,,,,
1015427501.0,,,,,,,
1015470023.0,,,,,,,
1015500035.0,,,,,,,
1015540032.0,,,,,,,
1015550023.0,,,,,,,
1015560017.0,,,,,,,
1015590005.0,,,,,,,
1015590019.0,,,,,,,
1015650029.0,,,,,,,
1015690016.0,,,,,,,
1015730001.0,,,,,,,
1015770001.0,,,,,,,
1015790023.0,,,,,,,
1015830015.0,,,,,,,
1015840001.0,,,,,,,
1015870027.0,,,,,,,
1015900008.0,,,,,,,
1015900030.0,,,,,,,
1015920001.0,,,,,,,
1015997501.0,,,,,,,
1015997502.0,,,,,,,
1016000021.0,,,,,,,
1016007502.0,,,,,,,
1016070005.0,,,,,,,
1016100023.0,,,,,,,
1016110001.0,,,,,,,
1016120001.0,,,,,,,
1016157501.0,,,,,,,
1016170020.0,,,,,,,
1016217501.0,,,,,,,
1016220017.0,,,,,,,
1016240033.0,,,,,,,
1016250007.0,,,,,,,
1016330001.0,,,,,,,
1016330028.0,,,,,,,
1016350016.0,,,,,,,
1016390003.0,,,,,,,
1016400139.0,,,,,,,
1016450007.0,,,,,,,
1016467502.0,,,,,,,
1016520001.0,,,,,,,
1016590012.0,,,,,,,
1016620001.0,,,,,,,
1016710001.0,,,,,,,
1016800032.0,,,,,,,
1016880045.0,,,,,,,
1016910001.0,,,,,,,
1016940001.0,,,,,,,
1016940003.0,,,,,,,
1016940051.0,,,,,,,
1016960100.0,,,,,,,
1017000058.0,,,,,,,
1017010001.0,,,,,,,
1017010049.0,,,,,,,
1017040002.0,,,,,,,
1017090016.0,,,,,,,
1017110033.0,,,,,,,
1017130001.0,,,,,,,
1017150053.0,,,,,,,
1017160008.0,,,,,,,
1017227501.0,,,,,,,
1017230010.0,,,,,,,
1017300036.0,,,,,,,
1017300045.0,,,,,,,
1017300064.0,,,,,,,
1017300075.0,,,,,,,
1017370001.0,,,,,,,
1017370015.0,,,,,,,
1017370059.0,,,,,,,
1017370069.0,,,,,,,
1017400001.0,,,,,,,
1017400007.0,,,,,,,
1017440001.0,,,,,,,
1017440013.0,,,,,,,
1017450005.0,,,,,,,
1017490033.0,,,,,,,
1017520059.0,,,,,,,
1017540020.0,,,,,,,
1017570001.0,,,,,,,
1017600101.0,,,,,,,
1017670028.0,,,,,,,
1017680012.0,,,,,,,
1017700158.0,,,,,,,
1017730020.0,,,,,,,
1017750003.0,,,,,,,
1017750033.0,,,,,,,
1017750165.0,,,,,,,
1017750168.0,,,,,,,
1017770080.0,,,,,,,
1017790001.0,,,,,,,
1017790007.0,,,,,,,
1017807501.0,,,,,,,
1017840012.0,,,,,,,
1017870070.0,,,,,,,
1017870080.0,,,,,,,
1017930001.0,,,,,,,
1017930007.0,,,,,,,
1018010001.0,,,,,,,
1018020001.0,,,,,,,
1018110021.0,,,,,,,
1018110050.0,,,,,,,
1018150002.0,,,,,,,
1018190010.0,,,,,,,
1018190015.0,,,,,,,
1018190040.0,,,,,,,
1018190203.0,,,,,,,
1018240155.0,,,,,,,
1018250051.0,,,,,,,
1018270001.0,,,,,,,
1018280015.0,,,,,,,
1018337501.0,,,,,,,
1018337503.0,,,,,,,
1018370021.0,,,,,,,
1018407501.0,,,,,,,
1018440020.0,,,,,,,
1018457502.0,,,,,,,
1018500001.0,,,,,,,
1018510008.0,,,,,,,
1018520009.0,,,,,,,
1018520012.0,,,,,,,
1018520020.0,,,,,,,
1018520031.0,,,,,,,
1018520099.0,,,,,,,
1018527501.0,,,,,,,
1018550001.0,,,,,,,
1018597501.0,,,,,,,
1018600020.0,,,,,,,
1018650001.0,,,,,,,
1018650040.0,,,,,,,
1018660002.0,,,,,,,
1018697503.0,,,,,,,
1018717501.0,,,,,,,
1018720029.0,,,,,,,
1018740029.0,,,,,,,
1018840029.0,,,,,,,
1018857501.0,,,,,,,
1018940001.0,,,,,,,
1018960001.0,,,,,,,
1018960009.0,,,,,,,
1018970019.0,,,,,,,
1019120012.0,,,,,,,
1019190006.0,,,,,,,
1019190026.0,,,,,,,
1019230001.0,,,,,,,
1019240021.0,,,,,,,
1019247501.0,,,,,,,
1019257501.0,,,,,,,
1019297504.0,,,,,,,
1019300044.0,,,,,,,
1019300053.0,,,,,,,
1019310010.0,,,,,,,
1019310017.0,,,,,,,
1019330020.0,,,,,,,
1019330050.0,,,,,,,
1019390040.0,,,,,,,
1019440036.0,,,,,,,
1019467501.0,,,,,,,
1019480035.0,,,,,,,
1019500029.0,,,,,,,
1019500041.0,,,,,,,
1019510022.0,,,,,,,
1019530012.0,,,,,,,
1019547501.0,,,,,,,
1019570001.0,,,,,,,
1019570020.0,,,,,,,
1019570028.0,,,,,,,
1019570105.0,,,,,,,
1019570110.0,,,,,,,
1019570140.0,,,,,,,
1019580035.0,,,,,,,
1019590001.0,,,,,,,
1019630060.0,,,,,,,
1019640001.0,,,,,,,
1019670024.0,,,,,,,
1019670040.0,,,,,,,
1019670045.0,,,,,,,
1019670089.0,,,,,,,
1019690012.0,,,,,,,
1019700002.0,,,,,,,
1019700016.0,,,,,,,
1019800001.0,,,,,,,
1019800075.0,,,,,,,
1019830006.0,,,,,,,
1019840001.0,,,,,,,
1019840033.0,,,,,,,
1019870007.0,,,,,,,
1019910032.0,,,,,,,
1019950026.0,,,,,,,
1019950063.0,,,,,,,
1019950077.0,,,,,,,
1020010005.0,,,,,,,
1020040046.0,,,,,,,
1020050009.0,,,,,,,
1020050027.0,,,,,,,
1020120025.0,,,,,,,
1020160001.0,,,,,,,
1020160100.0,,,,,,,
1020237503.0,,,,,,,
1020270041.0,,,,,,,
1020370001.0,,,,,,,
1020390010.0,,,,,,,
1020420030.0,,,,,,,
1020457501.0,,,,,,,
1020457502.0,,,,,,,
1020457503.0,,,,,,,
1020460063.0,,,,,,,
1020500001.0,,,,,,,
1020500149.0,,,,,,,
1020530114.0,,,,,,,
1020600001.0,,,,,,,
1020650001.0,,,,,,,
1020690026.0,,,,,,,
1020700012.0,,,,,,,
1020850001.0,,,,,,,
1020910038.0,,,,,,,
1021010055.0,,,,,,,
1021010060.0,,,,,,,
1021010065.0,,,,,,,
1021010117.0,,,,,,,
1021010125.0,,,,,,,
1021010230.0,,,,,,,
1021050001.0,,,,,,,
1021050051.0,,,,,,,
1021060001.0,,,,,,,
1021070059.0,,,,,,,
1021080033.0,,,,,,,
1021100091.0,,,,,,,
1021110024.0,,,,,,,
1021120010.0,,,,,,,
1021160031.0,,,,,,,
1021190036.0,,,,,,,
1021200033.0,,,,,,,
1021210010.0,,,,,,,
1021230045.0,,,,,,,
1021240025.0,,,,,,,
1021347502.0,,,,,,,
1021350060.0,,,,,,,
1021360013.0,,,,,,,
1021360210.0,,,,,,,
1021380030.0,,,,,,,
1021380040.0,,,,,,,
1021380159.0,,,,,,,
1021390001.0,,,,,,,
1021390017.0,,,,,,,
1021390210.0,,,,,,,
1021390219.0,,,,,,,
1021390250.0,,,,,,,
1021400002.0,,,,,,,
1021400011.0,,,,,,,
1021420022.0,,,,,,,
1021440066.0,,,,,,,
1021490525.0,,,,,,,
1021500030.0,,,,,,,
1021530081.0,,,,,,,
1021550035.0,,,,,,,
1021560083.0,,,,,,,
1021640016.0,,,,,,,
1021670001.0,,,,,,,
1021670029.0,,,,,,,
1021670056.0,,,,,,,
1021700016.0,,,,,,,
1021700129.0,,,,,,,
1021700131.0,,,,,,,
1021700140.0,,,,,,,
1021700163.0,,,,,,,
1021700520.0,,,,,,,
1021700560.0,,,,,,,
1021710012.0,,,,,,,
1021720016.0,,,,,,,
1021750022.0,,,,,,,
1021770168.0,,,,,,,
1021770234.0,,,,,,,
1021770300.0,,,,,,,
1021780001.0,,,,,,,
1021780003.0,,,,,,,
1021780530.0,,,,,,,
1021780600.0,,,,,,,
1021790001.0,,,,,,,
1021790010.0,,,,,,,
1021790080.0,,,,,,,
1021790625.0,,,,,,,
1021790701.0,,,,,,,
1021800046.0,,,,,,,
1021800064.0,,,,,,,
1021800108.0,,,,,,,
1021800157.0,,,,,,,
1021800166.0,,,,,,,
1021800326.0,,,,,,,
1021800371.0,,,,,,,
1021800450.0,,,,,,,
1021800460.0,,,,,,,
1021800570.0,,,,,,,
1021800614.0,,,,,,,
1021800628.0,,,,,,,
1021840040.0,,,,,,,
1021850036.0,,,,,,,
1021860009.0,,,,,,,
1021870007.0,,,,,,,
1021890001.0,,,,,,,
1021890060.0,,,,,,,
1021970001.0,,,,,,,
1021970047.0,,,,,,,
1021970067.0,,,,,,,
1021970071.0,,,,,,,
1021970075.0,,,,,,,
1021970080.0,,,,,,,
1021980001.0,,,,,,,
1021980008.0,,,,,,,
1022140001.0,,,,,,,
1022140008.0,,,,,,,
1022150001.0,,,,,,,
1022150042.0,,,,,,,
1022150079.0,,,,,,,
1022150080.0,,,,,,,
1022150089.0,,,,,,,
1022150343.0,,,,,,,
1022150593.0,,,,,,,
1022150654.0,,,,,,,
1022150675.0,,,,,,,
1022150700.0,,,,,,,
1022150831.0,,,,,,,
1022150866.0,,,,,,,
1022150877.0,,,,,,,
1022157501.0,,,,,,,
1022220001.0,,,,,,,
1022230016.0,,,,,,,
1022260041.0,,,,,,,
1022280025.0,,,,,,,
1022330020.0,,,,,,,
1022350020.0,,,,,,,
1022420005.0,,,,,,,
1022420019.0,,,,,,,
1022430010.0,,,,,,,
1022430210.0,,,,,,,
1022430230.0,,,,,,,
1022440001.0,,,,,,,
1022440100.0,,,,,,,
1022460055.0,,,,,,,
1022500058.0,,,,,,,
1022550001.0,,,,,,,
1022552000.0,,,,,,,
2022600062.0,,,,,,,
2022600100.0,,,,,,,
2022600140.0,,,,,,,
2022610062.0,,,,,,,
2022650001.0,,,,,,,
2022670044.0,,,,,,,
2022680001.0,,,,,,,
2022680027.0,,,,,,,
2022710005.0,,,,,,,
2022720005.0,,,,,,,
2022720022.0,,,,,,,
2022720038.0,,,,,,,
2022720119.0,,,,,,,
2022760001.0,,,,,,,
2022770051.0,,,,,,,
2022800032.0,,,,,,,
2022810010.0,,,,,,,
2022810021.0,,,,,,,
2022830001.0,,,,,,,
2022830033.0,,,,,,,
2022830040.0,,,,,,,
2022870046.0,,,,,,,
2022880036.0,,,,,,,
2022910001.0,,,,,,,
2022910023.0,,,,,,,
2022910030.0,,,,,,,
2022920013.0,,,,,,,
2022927501.0,,,,,,,
2022930058.0,,,,,,,
2022940002.0,,,,,,,
2022940032.0,,,,,,,
2022940055.0,,,,,,,
2022947501.0,,,,,,,
2022950051.0,,,,,,,
2022980001.0,,,,,,,
2022980040.0,,,,,,,
2023080015.0,,,,,,,
2023090001.0,,,,,,,
2023090012.0,,,,,,,
2023140001.0,,,,,,,
2023140010.0,,,,,,,
2023160001.0,,,,,,,
2023160035.0,,,,,,,
2023190002.0,,,,,,,
2023190055.0,,,,,,,
2023190109.0,,,,,,,
2023190200.0,,,,,,,
2023220001.0,,,,,,,
2023230005.0,,,,,,,
2023230028.0,,,,,,,
2023230043.0,,,,,,,
2023230060.0,,,,,,,
2023240005.0,,,,,,,
2023240008.0,,,,,,,
2023290075.0,,,,,,,
2023347501.0,,,,,,,
2023350006.0,,,,,,,
2023350016.0,,,,,,,
2023400011.0,,,,,,,
2023400110.0,,,,,,,
2023410001.0,,,,,,,
2023410010.0,,,,,,,
2023420001.0,,,,,,,
2023430014.0,,,,,,,
2023430032.0,,,,,,,
2023440011.0,,,,,,,
2023440060.0,,,,,,,
2023440083.0,,,,,,,
2023450014.0,,,,,,,
2023460018.0,,,,,,,
2023460029.0,,,,,,,
2023480053.0,,,,,,,
2023490003.0,,,,,,,
2023490015.0,,,,,,,
2023490100.0,,,,,,,
2023490112.0,,,,,,,
2023500034.0,,,,,,,
2023510025.0,,,,,,,
2023517501.0,,,,,,,
2023520003.0,,,,,,,
2023520015.0,,,,,,,
2023540070.0,,,,,,,
2023540074.0,,,,,,,
2023560002.0,,,,,,,
2023570035.0,,,,,,,
2023570040.0,,,,,,,
2023570045.0,,,,,,,
2023570100.0,,,,,,,
2023590003.0,,,,,,,
2023597501.0,,,,,,,
2023607501.0,,,,,,,
2023620044.0,,,,,,,
2023660022.0,,,,,,,
2023660023.0,,,,,,,
2023667501.0,,,,,,,
2023670001.0,,,,,,,
2023677502.0,,,,,,,
2023680028.0,,,,,,,
2023687501.0,,,,,,,
2023697502.0,,,,,,,
2023770020.0,,,,,,,
2023780001.0,,,,,,,
2023780034.0,,,,,,,
2023790051.0,,,,,,,
2023800051.0,,,,,,,
2023810029.0,,,,,,,
2023817501.0,,,,,,,
2023820048.0,,,,,,,
2023827502.0,,,,,,,
2023840123.0,,,,,,,
2023850001.0,,,,,,,
2023860011.0,,,,,,,
2023860067.0,,,,,,,
2023860144.0,,,,,,,
2023860164.0,,,,,,,
2023870001.0,,,,,,,
2023870025.0,,,,,,,
2023870032.0,,,,,,,
2023910005.0,,,,,,,
2023930026.0,,,,,,,
2023940017.0,,,,,,,
2023980014.0,,,,,,,
2023990010.0,,,,,,,
2024020017.0,,,,,,,
2024080001.0,,,,,,,
2024080052.0,,,,,,,
2024100014.0,,,,,,,
2024160001.0,,,,,,,
2024180033.0,,,,,,,
2024200120.0,,,,,,,
2024200150.0,,,,,,,
2024240110.0,,,,,,,
2024300017.0,,,,,,,
2024300045.0,,,,,,,
2024320080.0,,,,,,,
2024340018.0,,,,,,,
2024410200.0,,,,,,,
2024420034.0,,,,,,,
2024420060.0,,,,,,,
2024430001.0,,,,,,,
2024430004.0,,,,,,,
2024430053.0,,,,,,,
2024430072.0,,,,,,,
2024430078.0,,,,,,,
2024430090.0,,,,,,,
2024430094.0,,,,,,,
2024430100.0,,,,,,,
2024430190.0,,,,,,,
2024440001.0,,,,,,,
2024540001.0,,,,,,,
2024560140.0,,,,,,,
2024590034.0,,,,,,,
2024610070.0,,,,,,,
2024620001.0,,,,,,,
2024650001.0,,,,,,,
2024670001.0,,,,,,,
2024800008.0,,,,,,,
2024820006.0,,,,,,,
2024820020.0,,,,,,,
2024820025.0,,,,,,,
2024820053.0,,,,,,,
2024830034.0,,,,,,,
2024860001.0,,,,,,,
2024870038.0,,,,,,,
2024870042.0,,,,,,,
2024890060.0,,,,,,,
2024890077.0,,,,,,,
2024910001.0,,,,,,,
2024990001.0,,,,,,,
2025040006.0,,,,,,,
2025040036.0,,,,,,,
2025040112.0,,,,,,,
2025040126.0,,,,,,,
2025060010.0,,,,,,,
2025060062.0,,,,,,,
2025090036.0,,,,,,,
2025110022.0,,,,,,,
2025130044.0,,,,,,,
2025150138.0,,,,,,,
2025160013.0,,,,,,,
2025160058.0,,,,,,,
2025170001.0,,,,,,,
2025180001.0,,,,,,,
2025180031.0,,,,,,,
2025190001.0,,,,,,,
2025220070.0,,,,,,,
2025230001.0,,,,,,,
2025230061.0,,,,,,,
2025260083.0,,,,,,,
2025260090.0,,,,,,,
2025270032.0,,,,,,,
2025270050.0,,,,,,,
2025270055.0,,,,,,,
2025270058.0,,,,,,,
2025280035.0,,,,,,,
2025290001.0,,,,,,,
2025290063.0,,,,,,,
2025290065.0,,,,,,,
2025300001.0,,,,,,,
2025300009.0,,,,,,,
2025300025.0,,,,,,,
2025300032.0,,,,,,,
2025310001.0,,,,,,,
2025310005.0,,,,,,,
2025310013.0,,,,,,,
2025320001.0,,,,,,,
2025330007.0,,,,,,,
2025330022.0,,,,,,,
2025330029.0,,,,,,,
2025330150.0,,,,,,,
2025340008.0,,,,,,,
2025360007.0,,,,,,,
2025360029.0,,,,,,,
2025380024.0,,,,,,,
2025390002.0,,,,,,,
2025390004.0,,,,,,,
2025390010.0,,,,,,,
2025390014.0,,,,,,,
2025390017.0,,,,,,,
2025390020.0,,,,,,,
2025390050.0,,,,,,,
2025390132.0,,,,,,,
2025390179.0,,,,,,,
2025390180.0,,,,,,,
2025390501.0,,,,,,,
2025390502.0,,,,,,,
2025390506.0,,,,,,,
2025410004.0,,,,,,,
2025410122.0,,,,,,,
2025410180.0,,,,,,,
2025430001.0,,,,,,,
2025430020.0,,,,,,,
2025430060.0,,,,,,,
2025430070.0,,,,,,,
2025460011.0,,,,,,,
2025460019.0,,,,,,,
2025460033.0,,,,,,,
2025480001.0,,,,,,,
2025510003.0,,,,,,,
2025510026.0,,,,,,,
2025530002.0,,,,,,,
2025560002.0,,,,,,,
2025570001.0,,,,,,,
2025570083.0,,,,,,,
2025610021.0,,,,,,,
2025630031.0,,,,,,,
2025640038.0,,,,,,,
2025640047.0,,,,,,,
2025650008.0,,,,,,,
2025670013.0,,,,,,,
2025700018.0,,,,,,,
2025710001.0,,,,,,,
2025720006.0,,,,,,,
2025740040.0,,,,,,,
2025740046.0,,,,,,,
2025740082.0,,,,,,,
2025820065.0,,,,,,,
2025830050.0,,,,,,,
2025830062.0,,,,,,,
2025830365.0,,,,,,,
2025830368.0,,,,,,,
2025870043.0,,,,,,,
2025890001.0,,,,,,,
2025890015.0,,,,,,,
2025900089.0,,,,,,,
2025910037.0,,,,,,,
2025940001.0,,,,,,,
2025940005.0,,,,,,,
2025950001.0,,,,,,,
2025950107.0,,,,,,,
2025970105.0,,,,,,,
2025990005.0,,,,,,,
2025990087.0,,,,,,,
2025990089.0,,,,,,,
2025990092.0,,,,,,,
2025990123.0,,,,,,,
2025990175.0,,,,,,,
2025990200.0,,,,,,,
2025990295.0,,,,,,,
2026000028.0,,,,,,,
2026000079.0,,,,,,,
2026000089.0,,,,,,,
2026000153.0,,,,,,,
2026000187.0,,,,,,,
2026010024.0,,,,,,,
2026010048.0,,,,,,,
2026010067.0,,,,,,,
2026020010.0,,,,,,,
2026030007.0,,,,,,,
2026030083.0,,,,,,,
2026040074.0,,,,,,,
2026040174.0,,,,,,,
2026040180.0,,,,,,,
2026040195.0,,,,,,,
2026040252.0,,,,,,,
2026040270.0,,,,,,,
2026040280.0,,,,,,,
2026040500.0,,,,,,,
2026050020.0,,,,,,,
2026050035.0,,,,,,,
2026050037.0,,,,,,,
2026050040.0,,,,,,,
2026060001.0,,,,,,,
2026060002.0,,,,,,,
2026060020.0,,,,,,,
2026060030.0,,,,,,,
2026060041.0,,,,,,,
2026060049.0,,,,,,,
2026060125.0,,,,,,,
2026060230.0,,,,,,,
2026070017.0,,,,,,,
2026070049.0,,,,,,,
2026070062.0,,,,,,,
2026070078.0,,,,,,,
2026097501.0,,,,,,,
2026100042.0,,,,,,,
2026100065.0,,,,,,,
2026110001.0,,,,,,,
2026120007.0,,,,,,,
2026120058.0,,,,,,,
2026140038.0,,,,,,,
2026150014.0,,,,,,,
2026150065.0,,,,,,,
2026160001.0,,,,,,,
2026187501.0,,,,,,,
2026190017.0,,,,,,,
2026210001.0,,,,,,,
2026230151.0,,,,,,,
2026240086.0,,,,,,,
2026270009.0,,,,,,,
2026280001.0,,,,,,,
2026307501.0,,,,,,,
2026380001.0,,,,,,,
2026420022.0,,,,,,,
2026540001.0,,,,,,,
2026540002.0,,,,,,,
2026610015.0,,,,,,,
2026650001.0,,,,,,,
2026660041.0,,,,,,,
2026660066.0,,,,,,,
2026677501.0,,,,,,,
2026690080.0,,,,,,,
2026710011.0,,,,,,,
2026760003.0,,,,,,,
2026760049.0,,,,,,,
2026770024.0,,,,,,,
2026777501.0,,,,,,,
2026780001.0,,,,,,,
2026790001.0,,,,,,,
2026790027.0,,,,,,,
2026800001.0,,,,,,,
2026800013.0,,,,,,,
2026800019.0,,,,,,,
2026820001.0,,,,,,,
2026820034.0,,,,,,,
2026850003.0,,,,,,,
2026850034.0,,,,,,,
2026860020.0,,,,,,,
2026880035.0,,,,,,,
2026890011.0,,,,,,,
2026900027.0,,,,,,,
2026900063.0,,,,,,,
2026900081.0,,,,,,,
2026900109.0,,,,,,,
2026900160.0,,,,,,,
2026900173.0,,,,,,,
2026907501.0,,,,,,,
2026907502.0,,,,,,,
2026907503.0,,,,,,,
2026920014.0,,,,,,,
2026937502.0,,,,,,,
2026960005.0,,,,,,,
2026960095.0,,,,,,,
2026967501.0,,,,,,,
2026980070.0,,,,,,,
2026990001.0,,,,,,,
2027000056.0,,,,,,,
2027010001.0,,,,,,,
2027037501.0,,,,,,,
2027060031.0,,,,,,,
2027060046.0,,,,,,,
2027110028.0,,,,,,,
2027130002.0,,,,,,,
2027130020.0,,,,,,,
2027140004.0,,,,,,,
2027140030.0,,,,,,,
2027170005.0,,,,,,,
2027180017.0,,,,,,,
2027220035.0,,,,,,,
2027240032.0,,,,,,,
2027240134.0,,,,,,,
2027290001.0,,,,,,,
2027290006.0,,,,,,,
2027300028.0,,,,,,,
2027310005.0,,,,,,,
2027310061.0,,,,,,,
2027320001.0,,,,,,,
2027330004.0,,,,,,,
2027340030.0,,,,,,,
2027360160.0,,,,,,,
2027360208.0,,,,,,,
2027360242.0,,,,,,,
2027360283.0,,,,,,,
2027370048.0,,,,,,,
2027370095.0,,,,,,,
2027390015.0,,,,,,,
2027400033.0,,,,,,,
2027400075.0,,,,,,,
2027400100.0,,,,,,,
2027410001.0,,,,,,,
2027420003.0,,,,,,,
2027427501.0,,,,,,,
2027430006.0,,,,,,,
2027430019.0,,,,,,,
2027430035.0,,,,,,,
2027460030.0,,,,,,,
2027470001.0,,,,,,,
2027480025.0,,,,,,,
2027510022.0,,,,,,,
2027550048.0,,,,,,,
2027550095.0,,,,,,,
2027560010.0,,,,,,,
2027560085.0,,,,,,,
2027560090.0,,,,,,,
2027570044.0,,,,,,,
2027570080.0,,,,,,,
2027570085.0,,,,,,,
2027570092.0,,,,,,,
2027580001.0,,,,,,,
2027580014.0,,,,,,,
2027590001.0,,,,,,,
2027590028.0,,,,,,,
2027590045.0,,,,,,,
2027590100.0,,,,,,,
2027590187.0,,,,,,,
2027590350.0,,,,,,,
2027610193.0,,,,,,,
2027610227.0,,,,,,,
2027610233.0,,,,,,,
2027620001.0,,,,,,,
2027620213.0,,,,,,,
2027620280.0,,,,,,,
2027620294.0,,,,,,,
2027620316.0,,,,,,,
2027630108.0,,,,,,,
2027630227.0,,,,,,,
2027630279.0,,,,,,,
2027630335.0,,,,,,,
2027630360.0,,,,,,,
2027630384.0,,,,,,,
2027640001.0,,,,,,,
2027640021.0,,,,,,,
2027640070.0,,,,,,,
2027650015.0,,,,,,,
2027650056.0,,,,,,,
2027660031.0,,,,,,,
2027660061.0,,,,,,,
2027660145.0,,,,,,,
2027660226.0,,,,,,,
2027660283.0,,,,,,,
2027660523.0,,,,,,,
2027680023.0,,,,,,,
2027680105.0,,,,,,,
2027680265.0,,,,,,,
2027690080.0,,,,,,,
2027690120.0,,,,,,,
2027690145.0,,,,,,,
2027700001.0,,,,,,,
2027710045.0,,,,,,,
2027710074.0,,,,,,,
2027710100.0,,,,,,,
2027710161.0,,,,,,,
2027720150.0,,,,,,,
2027720219.0,,,,,,,
2027720262.0,,,,,,,
2027740146.0,,,,,,,
2027740170.0,,,,,,,
2027740172.0,,,,,,,
2027750009.0,,,,,,,
2027750093.0,,,,,,,
2027750145.0,,,,,,,
2027750198.0,,,,,,,
2027770200.0,,,,,,,
2027770600.0,,,,,,,
2027770901.0,,,,,,,
2027790001.0,,,,,,,
2027800073.0,,,,,,,
2027800074.0,,,,,,,
2027800500.0,,,,,,,
2027810001.0,,,,,,,
2027810301.0,,,,,,,
2027810306.0,,,,,,,
2027810400.0,,,,,,,
2027810520.0,,,,,,,
2027950007.0,,,,,,,
2027950014.0,,,,,,,
2028000013.0,,,,,,,
2028030038.0,,,,,,,
2028040031.0,,,,,,,
2028060007.0,,,,,,,
2028080012.0,,,,,,,
2028087501.0,,,,,,,
2028110003.0,,,,,,,
2028120017.0,,,,,,,
2028140069.0,,,,,,,
2028140100.0,,,,,,,
2028220019.0,,,,,,,
2028230046.0,,,,,,,
2028260062.0,,,,,,,
2028330020.0,,,,,,,
2028350012.0,,,,,,,
2028350016.0,,,,,,,
2028360005.0,,,,,,,
2028360012.0,,,,,,,
2028380012.0,,,,,,,
2028380027.0,,,,,,,
2028420001.0,,,,,,,
2028450062.0,,,,,,,
2028460074.0,,,,,,,
2028470008.0,,,,,,,
2028510021.0,,,,,,,
2028560001.0,,,,,,,
2028560020.0,,,,,,,
2028560053.0,,,,,,,
2028570015.0,,,,,,,
2028580001.0,,,,,,,
2028590077.0,,,,,,,
2028620014.0,,,,,,,
2028620103.0,,,,,,,
2028630001.0,,,,,,,
2028640035.0,,,,,,,
2028640076.0,,,,,,,
2028650030.0,,,,,,,
2028650049.0,,,,,,,
2028650166.0,,,,,,,
2028660060.0,,,,,,,
2028660105.0,,,,,,,
2028670030.0,,,,,,,
2028670125.0,,,,,,,
2028680100.0,,,,,,,
2028680111.0,,,,,,,
2028710085.0,,,,,,,
2028720126.0,,,,,,,
2028720281.0,,,,,,,
2028720331.0,,,,,,,
2028760055.0,,,,,,,
2028770393.0,,,,,,,
2028770497.0,,,,,,,
2028780150.0,,,,,,,
2028790032.0,,,,,,,
2028790170.0,,,,,,,
2028790204.0,,,,,,,
2028800029.0,,,,,,,
2028800115.0,,,,,,,
2028800153.0,,,,,,,
2028810058.0,,,,,,,
2028810084.0,,,,,,,
2028810100.0,,,,,,,
2028820216.0,,,,,,,
2028820229.0,,,,,,,
2028830060.0,,,,,,,
2028840005.0,,,,,,,
2028840072.0,,,,,,,
2028870094.0,,,,,,,
2028870129.0,,,,,,,
2028890061.0,,,,,,,
2028910037.0,,,,,,,
2028920049.0,,,,,,,
2028950068.0,,,,,,,
2028960088.0,,,,,,,
2028970005.0,,,,,,,
2028970024.0,,,,,,,
2028970062.0,,,,,,,
2028970124.0,,,,,,,
2028970140.0,,,,,,,
2028980001.0,,,,,,,
2028990037.0,,,,,,,
2029000007.0,,,,,,,
2029000020.0,,,,,,,
2029000033.0,,,,,,,
2029040001.0,,,,,,,
2029040032.0,,,,,,,
2029060063.0,,,,,,,
2029110001.0,,,,,,,
2029120161.0,,,,,,,
2029180016.0,,,,,,,
2029190005.0,,,,,,,
2029190043.0,,,,,,,
2029230018.0,,,,,,,
2029260002.0,,,,,,,
2029280028.0,,,,,,,
2029320001.0,,,,,,,
2029340019.0,,,,,,,
2029340023.0,,,,,,,
2029390093.0,,,,,,,
2029410001.0,,,,,,,
2029420001.0,,,,,,,
2029440001.0,,,,,,,
2029460001.0,,,,,,,
2029470018.0,,,,,,,
2029490006.0,,,,,,,
2029500054.0,,,,,,,
2029510032.0,,,,,,,
2029520014.0,,,,,,,
2029530021.0,,,,,,,
2029650082.0,,,,,,,
2029650100.0,,,,,,,
2029730102.0,,,,,,,
2029750013.0,,,,,,,
2029760001.0,,,,,,,
2029760007.0,,,,,,,
2029760087.0,,,,,,,
2029760092.0,,,,,,,
2029767501.0,,,,,,,
2029767502.0,,,,,,,
2029770168.0,,,,,,,
2029840010.0,,,,,,,
2029847503.0,,,,,,,
2029850017.0,,,,,,,
2029890001.0,,,,,,,
2029890011.0,,,,,,,
2029910005.0,,,,,,,
2029910034.0,,,,,,,
2029980002.0,,,,,,,
2030047501.0,,,,,,,
2030050065.0,,,,,,,
2030070008.0,,,,,,,
2030140005.0,,,,,,,
2030140015.0,,,,,,,
2030147501.0,,,,,,,
2030150034.0,,,,,,,
2030160050.0,,,,,,,
2030160060.0,,,,,,,
2030170001.0,,,,,,,
2030170006.0,,,,,,,
2030170029.0,,,,,,,
2030190100.0,,,,,,,
2030210038.0,,,,,,,
2030220031.0,,,,,,,
2030230015.0,,,,,,,
2030240008.0,,,,,,,
2030240021.0,,,,,,,
2030240069.0,,,,,,,
2030260014.0,,,,,,,
2030260020.0,,,,,,,
2030277501.0,,,,,,,
2030280003.0,,,,,,,
2030280055.0,,,,,,,
2030290011.0,,,,,,,
2030290015.0,,,,,,,
2030310021.0,,,,,,,
2030330004.0,,,,,,,
2030337501.0,,,,,,,
2030340028.0,,,,,,,
2030340052.0,,,,,,,
2030380029.0,,,,,,,
2030420005.0,,,,,,,
2030450036.0,,,,,,,
2030490001.0,,,,,,,
2030500070.0,,,,,,,
2030510001.0,,,,,,,
2030510045.0,,,,,,,
2030517501.0,,,,,,,
2030570003.0,,,,,,,
2030570011.0,,,,,,,
2030580003.0,,,,,,,
2030580041.0,,,,,,,
2030600032.0,,,,,,,
2030610080.0,,,,,,,
2030630001.0,,,,,,,
2030640001.0,,,,,,,
2030640010.0,,,,,,,
2030640020.0,,,,,,,
2030640100.0,,,,,,,
2030670001.0,,,,,,,
2030680069.0,,,,,,,
2030780048.0,,,,,,,
2030810008.0,,,,,,,
2030810026.0,,,,,,,
2030830001.0,,,,,,,
2030830029.0,,,,,,,
2030910073.0,,,,,,,
2030920014.0,,,,,,,
2030940003.0,,,,,,,
2030940014.0,,,,,,,
2030950045.0,,,,,,,
2030960035.0,,,,,,,
2031000014.0,,,,,,,
2031000065.0,,,,,,,
2031010023.0,,,,,,,
2031040007.0,,,,,,,
2031060052.0,,,,,,,
2031130009.0,,,,,,,
2031140008.0,,,,,,,
2031140052.0,,,,,,,
2031150005.0,,,,,,,
2031150021.0,,,,,,,
2031150025.0,,,,,,,
2031170001.0,,,,,,,
2031190037.0,,,,,,,
2031200020.0,,,,,,,
2031210046.0,,,,,,,
2031250001.0,,,,,,,
2031270026.0,,,,,,,
2031270047.0,,,,,,,
2031280001.0,,,,,,,
2031300020.0,,,,,,,
2031300100.0,,,,,,,
2031320001.0,,,,,,,
2031330001.0,,,,,,,
2031360001.0,,,,,,,
2031380001.0,,,,,,,
2031390001.0,,,,,,,
2031400007.0,,,,,,,
2031420001.0,,,,,,,
2031420018.0,,,,,,,
2031420048.0,,,,,,,
2031420090.0,,,,,,,
2031430036.0,,,,,,,
2031430155.0,,,,,,,
2031430234.0,,,,,,,
2031430260.0,,,,,,,
2031430285.0,,,,,,,
2031470050.0,,,,,,,
2031500010.0,,,,,,,
2031520060.0,,,,,,,
2031540083.0,,,,,,,
2031580016.0,,,,,,,
2031590001.0,,,,,,,
2031670001.0,,,,,,,
2031700001.0,,,,,,,
2031700040.0,,,,,,,
2031740005.0,,,,,,,
2031770041.0,,,,,,,
2031780014.0,,,,,,,
2031890001.0,,,,,,,
2032000001.0,,,,,,,
2032070040.0,,,,,,,
2032090001.0,,,,,,,
2032100001.0,,,,,,,
2032120001.0,,,,,,,
2032120115.0,,,,,,,
2032130027.0,,,,,,,
2032150014.0,,,,,,,
2032160002.0,,,,,,,
2032160026.0,,,,,,,
2032190055.0,,,,,,,
2032190232.0,,,,,,,
2032200037.0,,,,,,,
2032200040.0,,,,,,,
2032220001.0,,,,,,,
2032220040.0,,,,,,,
2032220062.0,,,,,,,
2032220620.0,,,,,,,
2032230001.0,,,,,,,
2032230050.0,,,,,,,
2032240009.0,,,,,,,
2032250048.0,,,,,,,
2032250148.0,,,,,,,
2032300010.0,,,,,,,
2032310001.0,,,,,,,
2032310132.0,,,,,,,
2032310227.0,,,,,,,
2032310265.0,,,,,,,
2032310350.0,,,,,,,
2032360001.0,,,,,,,
2032360045.0,,,,,,,
2032370067.0,,,,,,,
2032370133.0,,,,,,,
2032370140.0,,,,,,,
2032370145.0,,,,,,,
2032370158.0,,,,,,,
2032390041.0,,,,,,,
2032400044.0,,,,,,,
2032440001.0,,,,,,,
2032440125.0,,,,,,,
2032440130.0,,,,,,,
2032440160.0,,,,,,,
2032450003.0,,,,,,,
2032450012.0,,,,,,,
2032460001.0,,,,,,,
2032460002.0,,,,,,,
2032460025.0,,,,,,,
2032460076.0,,,,,,,
2032470001.0,,,,,,,
2032470010.0,,,,,,,
2032470074.0,,,,,,,
2032470110.0,,,,,,,
2032470165.0,,,,,,,
2032480049.0,,,,,,,
2032480143.0,,,,,,,
2032490010.0,,,,,,,
2032490046.0,,,,,,,
2032500220.0,,,,,,,
2032500230.0,,,,,,,
2032510201.0,,,,,,,
2032510401.0,,,,,,,
2032510450.0,,,,,,,
2032510490.0,,,,,,,
2032520143.0,,,,,,,
2032520209.0,,,,,,,
2032520237.0,,,,,,,
2032520276.0,,,,,,,
2032520310.0,,,,,,,
2032520340.0,,,,,,,
2032530099.0,,,,,,,
2032530141.0,,,,,,,
2032530221.0,,,,,,,
2032560020.0,,,,,,,
2032560053.0,,,,,,,
2032560176.0,,,,,,,
2032580013.0,,,,,,,
2032580073.0,,,,,,,
2032580162.0,,,,,,,
2032580190.0,,,,,,,
2032580222.0,,,,,,,
2032580228.0,,,,,,,
2032590014.0,,,,,,,
2032610102.0,,,,,,,
2032630025.0,,,,,,,
2032630067.0,,,,,,,
2032630085.0,,,,,,,
2032630145.0,,,,,,,
2032630185.0,,,,,,,
2032630225.0,,,,,,,
2032630235.0,,,,,,,
2032630284.0,,,,,,,
2032630292.0,,,,,,,
2032640001.0,,,,,,,
2032640020.0,,,,,,,
2032640104.0,,,,,,,
2032660013.0,,,,,,,
2032660035.0,,,,,,,
2032670091.0,,,,,,,
2032670110.0,,,,,,,
2032700018.0,,,,,,,
2032700030.0,,,,,,,
2032700100.0,,,,,,,
2032710100.0,,,,,,,
2032710125.0,,,,,,,
2032710150.0,,,,,,,
2032720002.0,,,,,,,
2032720102.0,,,,,,,
2032730001.0,,,,,,,
2032730100.0,,,,,,,
2032730101.0,,,,,,,
2032730122.0,,,,,,,
2032730150.0,,,,,,,
2032730175.0,,,,,,,
2032730209.0,,,,,,,
2032730301.0,,,,,,,
2032740051.0,,,,,,,
2032750001.0,,,,,,,
2032780014.0,,,,,,,
2032790025.0,,,,,,,
2032810001.0,,,,,,,
2032870094.0,,,,,,,
2032910001.0,,,,,,,
2032910035.0,,,,,,,
2032930113.0,,,,,,,
2032940037.0,,,,,,,
2032990014.0,,,,,,,
2033040001.0,,,,,,,
2033040010.0,,,,,,,
2033080051.0,,,,,,,
2033100057.0,,,,,,,
2033100066.0,,,,,,,
2033110044.0,,,,,,,
2033117501.0,,,,,,,
2033120001.0,,,,,,,
2033120019.0,,,,,,,
2033130018.0,,,,,,,
2033130029.0,,,,,,,
2033130040.0,,,,,,,
2033130069.0,,,,,,,
2033140057.0,,,,,,,
2033150001.0,,,,,,,
2033180098.0,,,,,,,
2033190064.0,,,,,,,
2033190072.0,,,,,,,
2033190083.0,,,,,,,
2033230022.0,,,,,,,
2033230050.0,,,,,,,
2033230055.0,,,,,,,
2033240011.0,,,,,,,
2033240014.0,,,,,,,
2033240016.0,,,,,,,
2033250005.0,,,,,,,
2033270001.0,,,,,,,
2033270200.0,,,,,,,
2033280060.0,,,,,,,
2033290100.0,,,,,,,
2033300060.0,,,,,,,
2033300080.0,,,,,,,
2033307501.0,,,,,,,
2033320001.0,,,,,,,
2033340053.0,,,,,,,
2033350050.0,,,,,,,
2033360001.0,,,,,,,
2033360011.0,,,,,,,
2033360035.0,,,,,,,
2033380035.0,,,,,,,
2033410001.0,,,,,,,
2033410034.0,,,,,,,
2033420038.0,,,,,,,
2033430042.0,,,,,,,
2033430060.0,,,,,,,
2033430260.0,,,,,,,
2033430283.0,,,,,,,
2033430300.0,,,,,,,
2033440036.0,,,,,,,
2033440052.0,,,,,,,
2033440076.0,,,,,,,
2033530005.0,,,,,,,
2033550090.0,,,,,,,
2033560036.0,,,,,,,
2033560042.0,,,,,,,
2033560214.0,,,,,,,
2033570247.0,,,,,,,
2033590100.0,,,,,,,
2033600001.0,,,,,,,
2033600020.0,,,,,,,
2033600077.0,,,,,,,
2033600120.0,,,,,,,
2033610001.0,,,,,,,
2033680010.0,,,,,,,
2033820001.0,,,,,,,
2033940033.0,,,,,,,
2033980044.0,,,,,,,
2033980097.0,,,,,,,
2033990001.0,,,,,,,
2033990070.0,,,,,,,
2033990091.0,,,,,,,
2034290007.0,,,,,,,
2034290009.0,,,,,,,
2034290050.0,,,,,,,
2034300066.0,,,,,,,
2034300100.0,,,,,,,
2034320150.0,,,,,,,
2034327502.0,,,,,,,
2034327503.0,,,,,,,
2034327504.0,,,,,,,
2034327505.0,,,,,,,
2034350018.0,,,,,,,
2034360171.0,,,,,,,
2034400010.0,,,,,,,
2034400012.0,,,,,,,
2034480001.0,,,,,,,
2034510001.0,,,,,,,
2034520003.0,,,,,,,
2034520023.0,,,,,,,
2034520032.0,,,,,,,
2034580026.0,,,,,,,
2034630001.0,,,,,,,
2034630032.0,,,,,,,
2034780095.0,,,,,,,
2034810004.0,,,,,,,
2034810013.0,,,,,,,
2034810051.0,,,,,,,
2034830001.0,,,,,,,
2034870120.0,,,,,,,
2035150001.0,,,,,,,
2035150020.0,,,,,,,
2035150040.0,,,,,,,
2035150060.0,,,,,,,
2035240020.0,,,,,,,
2035280017.0,,,,,,,
2035400001.0,,,,,,,
2035400040.0,,,,,,,
2035400101.0,,,,,,,
2035420020.0,,,,,,,
2035430105.0,,,,,,,
2035550001.0,,,,,,,
2035600001.0,,,,,,,
2035620061.0,,,,,,,
2035630020.0,,,,,,,
2035700100.0,,,,,,,
2035790001.0,,,,,,,
2035910001.0,,,,,,,
2035930001.0,,,,,,,
2035940001.0,,,,,,,
2035980017.0,,,,,,,
2036100001.0,,,,,,,
2036120013.0,,,,,,,
2036190001.0,,,,,,,
2036210001.0,,,,,,,
2036220018.0,,,,,,,
2036230001.0,,,,,,,
2036230020.0,,,,,,,
2036270001.0,,,,,,,
2036270035.0,,,,,,,
2036360005.0,,,,,,,
2036360020.0,,,,,,,
2036420050.0,,,,,,,
2036437501.0,,,,,,,
2036460067.0,,,,,,,
2036470001.0,,,,,,,
2036470030.0,,,,,,,
2036480025.0,,,,,,,
2036480043.0,,,,,,,
2036490027.0,,,,,,,
2036530001.0,,,,,,,
2036590001.0,,,,,,,
2036600003.0,,,,,,,
2036610001.0,,,,,,,
2036620008.0,,,,,,,
2036730001.0,,,,,,,
2036820001.0,,,,,,,
2036900001.0,,,,,,,
2036960032.0,,,,,,,
2036960050.0,,,,,,,
2037020001.0,,,,,,,
2037020101.0,,,,,,,
2037080045.0,,,,,,,
2037087501.0,,,,,,,
2037090005.0,,,,,,,
2037090040.0,,,,,,,
2037170001.0,,,,,,,
2037180001.0,,,,,,,
2037230001.0,,,,,,,
2037320025.0,,,,,,,
2037340015.0,,,,,,,
2037340035.0,,,,,,,
2037350012.0,,,,,,,
2037370001.0,,,,,,,
2037410041.0,,,,,,,
2037480002.0,,,,,,,
2037540001.0,,,,,,,
2037590030.0,,,,,,,
2037670077.0,,,,,,,
2037670082.0,,,,,,,
2037680020.0,,,,,,,
2037680033.0,,,,,,,
2037690001.0,,,,,,,
2037690012.0,,,,,,,
2037690049.0,,,,,,,
2037750001.0,,,,,,,
2037780010.0,,,,,,,
2037800001.0,,,,,,,
2037860001.0,,,,,,,
2037880021.0,,,,,,,
2037940001.0,,,,,,,
2037940013.0,,,,,,,
2037940100.0,,,,,,,
2037940115.0,,,,,,,
2037960014.0,,,,,,,
2037970001.0,,,,,,,
2038057501.0,,,,,,,
2038057502.0,,,,,,,
2038080038.0,,,,,,,
2038090018.0,,,,,,,
2038140029.0,,,,,,,
2038140046.0,,,,,,,
2038270001.0,,,,,,,
2038270101.0,,,,,,,
2038270142.0,,,,,,,
2038270158.0,,,,,,,
2038270201.0,,,,,,,
2038270223.0,,,,,,,
2038270229.0,,,,,,,
2038280041.0,,,,,,,
2038340070.0,,,,,,,
2038340081.0,,,,,,,
2038380060.0,,,,,,,
2038380118.0,,,,,,,
2038380159.0,,,,,,,
2038380175.0,,,,,,,
2038380187.0,,,,,,,
2038380260.0,,,,,,,
2038380311.0,,,,,,,
2038380318.0,,,,,,,
2038380337.0,,,,,,,
2038400023.0,,,,,,,
2038400100.0,,,,,,,
2038400125.0,,,,,,,
2038440001.0,,,,,,,
2038440016.0,,,,,,,
2038440031.0,,,,,,,
2038470001.0,,,,,,,
2038480006.0,,,,,,,
2038480018.0,,,,,,,
2038480081.0,,,,,,,
2038510024.0,,,,,,,
2038520001.0,,,,,,,
2038590001.0,,,,,,,
2038590030.0,,,,,,,
2038590040.0,,,,,,,
2038610008.0,,,,,,,
2038610014.0,,,,,,,
2038610114.0,,,,,,,
2038640001.0,,,,,,,
2038660031.0,,,,,,,
2038670023.0,,,,,,,
2038700028.0,,,,,,,
2038710030.0,,,,,,,
2038850001.0,,,,,,,
2038860002.0,,,,,,,
2038920001.0,,,,,,,
2038950001.0,,,,,,,
2039040001.0,,,,,,,
2039040016.0,,,,,,,
2039040034.0,,,,,,,
2039040040.0,,,,,,,
2039060061.0,,,,,,,
2039070001.0,,,,,,,
2039080010.0,,,,,,,
2039080068.0,,,,,,,
2039100001.0,,,,,,,
2039100029.0,,,,,,,
2039100115.0,,,,,,,
2039210001.0,,,,,,,
2039280050.0,,,,,,,
2039320075.0,,,,,,,
2039320182.0,,,,,,,
2039430001.0,,,,,,,
2039430199.0,,,,,,,
2039437501.0,,,,,,,
2039447501.0,,,,,,,
2039520017.0,,,,,,,
2039580010.0,,,,,,,
2039580080.0,,,,,,,
2039630043.0,,,,,,,
2039640045.0,,,,,,,
2039670089.0,,,,,,,
2039700035.0,,,,,,,
2039810002.0,,,,,,,
2039840030.0,,,,,,,
2039990032.0,,,,,,,
2040050010.0,,,,,,,
2040080010.0,,,,,,,
2040110001.0,,,,,,,
2040110104.0,,,,,,,
2040110111.0,,,,,,,
2040110205.0,,,,,,,
2040110210.0,,,,,,,
2040110215.0,,,,,,,
2040140001.0,,,,,,,
2040150001.0,,,,,,,
2040150030.0,,,,,,,
2040150038.0,,,,,,,
2040220026.0,,,,,,,
2040240029.0,,,,,,,
2040250027.0,,,,,,,
2040250028.0,,,,,,,
2040280001.0,,,,,,,
2040370001.0,,,,,,,
2040410005.0,,,,,,,
2040420001.0,,,,,,,
2040420222.0,,,,,,,
2040420254.0,,,,,,,
2040420350.0,,,,,,,
2040450029.0,,,,,,,
2040620031.0,,,,,,,
2040670016.0,,,,,,,
2040700103.0,,,,,,,
2040700162.0,,,,,,,
2040720014.0,,,,,,,
2040770003.0,,,,,,,
2040770006.0,,,,,,,
2040770034.0,,,,,,,
2040780123.0,,,,,,,
2040790001.0,,,,,,,
2040850004.0,,,,,,,
2040850096.0,,,,,,,
2040850119.0,,,,,,,
2040850180.0,,,,,,,
2040870025.0,,,,,,,
2041140001.0,,,,,,,
2041160001.0,,,,,,,
2041170001.0,,,,,,,
2041200008.0,,,,,,,
2041340001.0,,,,,,,
2041340014.0,,,,,,,
2041420001.0,,,,,,,
2041420101.0,,,,,,,
2041420118.0,,,,,,,
2041460001.0,,,,,,,
2041560011.0,,,,,,,
2041610001.0,,,,,,,
2041620002.0,,,,,,,
2041620032.0,,,,,,,
2041730001.0,,,,,,,
2041730018.0,,,,,,,
2041920023.0,,,,,,,
2041990001.0,,,,,,,
2042050001.0,,,,,,,
2042050003.0,,,,,,,
2042050030.0,,,,,,,
2042050040.0,,,,,,,
2042050055.0,,,,,,,
2042090025.0,,,,,,,
2042190016.0,,,,,,,
2042200001.0,,,,,,,
2042210001.0,,,,,,,
2042220046.0,,,,,,,
2042220072.0,,,,,,,
2042230006.0,,,,,,,
2042230012.0,,,,,,,
2042230026.0,,,,,,,
2042230039.0,,,,,,,
2042260001.0,,,,,,,
2042260005.0,,,,,,,
2042260006.0,,,,,,,
2042260007.0,,,,,,,
2042260015.0,,,,,,,
2042260030.0,,,,,,,
2042260035.0,,,,,,,
2042260070.0,,,,,,,
2042260073.0,,,,,,,
2042260075.0,,,,,,,
2042260130.0,,,,,,,
2042260150.0,,,,,,,
2042260409.0,,,,,,,
2042260419.0,,,,,,,
2042267501.0,,,,,,,
2042320001.0,,,,,,,
2042350045.0,,,,,,,
2042390005.0,,,,,,,
2042500026.0,,,,,,,
2042510011.0,,,,,,,
2042530080.0,,,,,,,
2042530084.0,,,,,,,
2042540019.0,,,,,,,
2042570008.0,,,,,,,
2042580007.0,,,,,,,
2042580023.0,,,,,,,
2042620017.0,,,,,,,
2042900008.0,,,,,,,
2042900029.0,,,,,,,
2042900032.0,,,,,,,
2042970007.0,,,,,,,
2042980022.0,,,,,,,
2043170019.0,,,,,,,
2043250021.0,,,,,,,
2043280001.0,,,,,,,
2043290012.0,,,,,,,
2043300001.0,,,,,,,
2043330100.0,,,,,,,
2043350001.0,,,,,,,
2043370001.0,,,,,,,
2043370064.0,,,,,,,
2043370090.0,,,,,,,
2043380006.0,,,,,,,
2043380012.0,,,,,,,
2043400095.0,,,,,,,
2043407501.0,,,,,,,
2043410001.0,,,,,,,
2043410020.0,,,,,,,
2043420010.0,,,,,,,
2043440001.0,,,,,,,
2043470007.0,,,,,,,
2043600001.0,,,,,,,
2043620002.0,,,,,,,
2043650005.0,,,,,,,
2043650064.0,,,,,,,
2043720001.0,,,,,,,
2043930001.0,,,,,,,
2044110001.0,,,,,,,
2044110300.0,,,,,,,
2044160001.0,,,,,,,
2044220001.0,,,,,,,
2044260017.0,,,,,,,
2044270029.0,,,,,,,
2044280021.0,,,,,,,
2044290001.0,,,,,,,
2044300004.0,,,,,,,
2044300042.0,,,,,,,
2044320001.0,,,,,,,
2044380027.0,,,,,,,
2044400016.0,,,,,,,
2044410005.0,,,,,,,
2044410034.0,,,,,,,
2044440001.0,,,,,,,
2044440300.0,,,,,,,
2044490001.0,,,,,,,
2044500037.0,,,,,,,
2044550079.0,,,,,,,
2044630008.0,,,,,,,
2044630218.0,,,,,,,
2044780020.0,,,,,,,
2044940001.0,,,,,,,
2045040411.0,,,,,,,
2045040412.0,,,,,,,
2045050009.0,,,,,,,
2045140001.0,,,,,,,
2045150005.0,,,,,,,
2045150022.0,,,,,,,
2045160014.0,,,,,,,
2045340009.0,,,,,,,
2045420100.0,,,,,,,
2045430001.0,,,,,,,
2045430021.0,,,,,,,
2045460021.0,,,,,,,
2045500021.0,,,,,,,
2045520010.0,,,,,,,
2045560037.0,,,,,,,
2045640010.0,,,,,,,
2045780005.0,,,,,,,
2045930016.0,,,,,,,
2045960022.0,,,,,,,
2046140030.0,,,,,,,
2046140038.0,,,,,,,
2046140059.0,,,,,,,
2046150023.0,,,,,,,
2046180025.0,,,,,,,
2046190001.0,,,,,,,
2046280025.0,,,,,,,
2046290050.0,,,,,,,
2046310047.0,,,,,,,
2046310075.0,,,,,,,
2046410016.0,,,,,,,
2046420006.0,,,,,,,
2046470023.0,,,,,,,
2046510086.0,,,,,,,
2046570090.0,,,,,,,
2046590031.0,,,,,,,
2046630009.0,,,,,,,
2046710004.0,,,,,,,
2046710051.0,,,,,,,
2046790027.0,,,,,,,
2046810010.0,,,,,,,
2046810030.0,,,,,,,
2047060076.0,,,,,,,
2047090001.0,,,,,,,
2047240074.0,,,,,,,
2047270024.0,,,,,,,
2047280070.0,,,,,,,
2047290001.0,,,,,,,
2047320012.0,,,,,,,
2047320035.0,,,,,,,
2047330062.0,,,,,,,
2047340092.0,,,,,,,
2047480023.0,,,,,,,
2047530029.0,,,,,,,
2047540001.0,,,,,,,
2047580009.0,,,,,,,
2047610045.0,,,,,,,
2047610050.0,,,,,,,
2047630007.0,,,,,,,
2047830015.0,,,,,,,
2047830047.0,,,,,,,
2047957501.0,,,,,,,
2047970023.0,,,,,,,
2047990016.0,,,,,,,
2047990039.0,,,,,,,
2048000006.0,,,,,,,
2048000018.0,,,,,,,
2048020009.0,,,,,,,
2048040100.0,,,,,,,
2048260043.0,,,,,,,
2048380050.0,,,,,,,
2048500076.0,,,,,,,
2048770001.0,,,,,,,
2048830012.0,,,,,,,
2048840001.0,,,,,,,
2048890002.0,,,,,,,
2048900002.0,,,,,,,
2048900051.0,,,,,,,
2048900084.0,,,,,,,
2048940011.0,,,,,,,
2048990003.0,,,,,,,
2048990056.0,,,,,,,
2049050001.0,,,,,,,
2049050002.0,,,,,,,
2049160001.0,,,,,,,
2049220101.0,,,,,,,
2049410085.0,,,,,,,
2049430011.0,,,,,,,
2049440005.0,,,,,,,
2049440022.0,,,,,,,
2049500009.0,,,,,,,
2049510001.0,,,,,,,
2049530030.0,,,,,,,
2049530078.0,,,,,,,
2049530097.0,,,,,,,
2049530113.0,,,,,,,
2049530124.0,,,,,,,
2049530126.0,,,,,,,
2049540008.0,,,,,,,
2049550001.0,,,,,,,
2049650018.0,,,,,,,
2049720012.0,,,,,,,
2049720026.0,,,,,,,
2049740001.0,,,,,,,
2049740028.0,,,,,,,
2049740070.0,,,,,,,
2049740088.0,,,,,,,
2049740100.0,,,,,,,
2049930001.0,,,,,,,
2049960001.0,,,,,,,
2049960060.0,,,,,,,
2049970001.0,,,,,,,
2050020035.0,,,,,,,
2050330001.0,,,,,,,
2050330034.0,,,,,,,
2050350030.0,,,,,,,
2050350034.0,,,,,,,
2050420029.0,,,,,,,
2050450008.0,,,,,,,
2050640001.0,,,,,,,
2050640010.0,,,,,,,
2050640020.0,,,,,,,
2050640050.0,,,,,,,
2050640072.0,,,,,,,
2050640078.0,,,,,,,
2050640090.0,,,,,,,
2050650075.0,,,,,,,
2050690066.0,,,,,,,
2050840009.0,,,,,,,
2050840063.0,,,,,,,
2050850013.0,,,,,,,
2050850100.0,,,,,,,
2050870001.0,,,,,,,
2051010001.0,,,,,,,
2051010010.0,,,,,,,
2051010012.0,,,,,,,
2051010019.0,,,,,,,
2051010066.0,,,,,,,
2051040033.0,,,,,,,
2051070010.0,,,,,,,
2051070038.0,,,,,,,
2051110001.0,,,,,,,
2051300015.0,,,,,,,
2051300125.0,,,,,,,
2051340042.0,,,,,,,
2051350051.0,,,,,,,
2051350100.0,,,,,,,
2051350200.0,,,,,,,
2051410001.0,,,,,,,
2051410006.0,,,,,,,
2051410008.0,,,,,,,
2051410020.0,,,,,,,
2051410025.0,,,,,,,
2051410035.0,,,,,,,
2051410110.0,,,,,,,
2051410120.0,,,,,,,
2051410150.0,,,,,,,
2051410280.0,,,,,,,
2051410300.0,,,,,,,
2051410328.0,,,,,,,
2051410385.0,,,,,,,
2051410394.0,,,,,,,
2051410440.0,,,,,,,
2051410443.0,,,,,,,
2051410445.0,,,,,,,
2051411085.0,,,,,,,
2051411100.0,,,,,,,
2051411120.0,,,,,,,
2051411130.0,,,,,,,
2051417501.0,,,,,,,
2052280012.0,,,,,,,
2052280041.0,,,,,,,
2052450001.0,,,,,,,
2052510016.0,,,,,,,
2052520014.0,,,,,,,
2052550001.0,,,,,,,
2052560040.0,,,,,,,
2052560195.0,,,,,,,
2052560210.0,,,,,,,
2052570016.0,,,,,,,
2052590001.0,,,,,,,
2052590016.0,,,,,,,
2052630033.0,,,,,,,
2052630040.0,,,,,,,
2052630059.0,,,,,,,
2052630070.0,,,,,,,
2052720007.0,,,,,,,
2052750006.0,,,,,,,
2052800034.0,,,,,,,
2052810005.0,,,,,,,
2052820001.0,,,,,,,
2052820026.0,,,,,,,
2052830043.0,,,,,,,
2052840002.0,,,,,,,
2052850002.0,,,,,,,
2052850003.0,,,,,,,
2052860015.0,,,,,,,
2052880001.0,,,,,,,
2052930001.0,,,,,,,
2053040001.0,,,,,,,
2053050001.0,,,,,,,
2053060180.0,,,,,,,
2053110007.0,,,,,,,
2053130092.0,,,,,,,
2053400001.0,,,,,,,
2053680001.0,,,,,,,
2053680002.0,,,,,,,
2053740001.0,,,,,,,
2053750005.0,,,,,,,
2053800100.0,,,,,,,
2054040001.0,,,,,,,
2054040002.0,,,,,,,
2054060140.0,,,,,,,
2054090002.0,,,,,,,
2054090040.0,,,,,,,
2054090041.0,,,,,,,
2054090084.0,,,,,,,
2054090100.0,,,,,,,
2054090163.0,,,,,,,
2054090470.0,,,,,,,
2054090493.0,,,,,,,
2054140300.0,,,,,,,
2054170021.0,,,,,,,
2054170247.0,,,,,,,
2054177501.0,,,,,,,
2054210005.0,,,,,,,
2054227501.0,,,,,,,
2054340029.0,,,,,,,
2054440095.0,,,,,,,
2054520001.0,,,,,,,
2054550060.0,,,,,,,
2054550150.0,,,,,,,
2054670100.0,,,,,,,
2054677501.0,,,,,,,
2054677503.0,,,,,,,
2054790200.0,,,,,,,
2054797501.0,,,,,,,
2054810007.0,,,,,,,
2054810010.0,,,,,,,
2054810029.0,,,,,,,
2054810048.0,,,,,,,
2054810065.0,,,,,,,
2054860029.0,,,,,,,
2054860034.0,,,,,,,
2054860076.0,,,,,,,
2054867501.0,,,,,,,
2054870200.0,,,,,,,
2054950005.0,,,,,,,
2055030050.0,,,,,,,
2055060001.0,,,,,,,
2055160001.0,,,,,,,
2055160300.0,,,,,,,
2055190091.0,,,,,,,
2055190119.0,,,,,,,
2055190180.0,,,,,,,
2055190185.0,,,,,,,
2055197501.0,,,,,,,
2055200013.0,,,,,,,
2055200093.0,,,,,,,
2055210068.0,,,,,,,
2055210130.0,,,,,,,
2055210169.0,,,,,,,
2055210170.0,,,,,,,
2055210192.0,,,,,,,
2055240119.0,,,,,,,
2055240154.0,,,,,,,
2055240260.0,,,,,,,
2055250014.0,,,,,,,
2055250108.0,,,,,,,
2055250113.0,,,,,,,
2055250150.0,,,,,,,
2055290001.0,,,,,,,
2055290070.0,,,,,,,
2055290100.0,,,,,,,
2055290492.0,,,,,,,
2055290558.0,,,,,,,
2055290651.0,,,,,,,
2055290700.0,,,,,,,
2055300001.0,,,,,,,
2055300050.0,,,,,,,
2055310093.0,,,,,,,
2055400003.0,,,,,,,
2055410008.0,,,,,,,
2055430156.0,,,,,,,
2055470001.0,,,,,,,
2055480084.0,,,,,,,
2055600001.0,,,,,,,
2055600005.0,,,,,,,
2055680001.0,,,,,,,
2055680050.0,,,,,,,
2055680100.0,,,,,,,
2055700112.0,,,,,,,
2055700152.0,,,,,,,
2055700156.0,,,,,,,
2055760001.0,,,,,,,
2055987501.0,,,,,,,
2056030014.0,,,,,,,
2056030200.0,,,,,,,
2056040053.0,,,,,,,
2056047501.0,,,,,,,
2056067504.0,,,,,,,
2056100006.0,,,,,,,
2056100016.0,,,,,,,
2056100025.0,,,,,,,
2056100087.0,,,,,,,
2056110027.0,,,,,,,
2056110084.0,,,,,,,
2056220001.0,,,,,,,
2056240006.0,,,,,,,
2056240010.0,,,,,,,
2056240130.0,,,,,,,
2056240135.0,,,,,,,
2056250060.0,,,,,,,
2056250186.0,,,,,,,
2056250249.0,,,,,,,
2056250359.0,,,,,,,
2056250361.0,,,,,,,
2056250402.0,,,,,,,
2056260083.0,,,,,,,
2056260107.0,,,,,,,
2056260180.0,,,,,,,
2056260403.0,,,,,,,
2056270001.0,,,,,,,
2056270045.0,,,,,,,
2056270053.0,,,,,,,
2056280063.0,,,,,,,
2056290169.0,,,,,,,
2056310067.0,,,,,,,
2056330028.0,,,,,,,
2056330036.0,,,,,,,
2056340008.0,,,,,,,
2056350120.0,,,,,,,
2056350143.0,,,,,,,
2056350148.0,,,,,,,
2056350149.0,,,,,,,
2056350164.0,,,,,,,
2056360100.0,,,,,,,
2056360158.0,,,,,,,
2056360163.0,,,,,,,
2056360177.0,,,,,,,
2056370200.0,,,,,,,
2056380011.0,,,,,,,
2056410090.0,,,,,,,
2056410110.0,,,,,,,
2056410120.0,,,,,,,
2056410280.0,,,,,,,
2056410296.0,,,,,,,
2056417501.0,,,,,,,
2056427501.0,,,,,,,
2056430260.0,,,,,,,
2056437502.0,,,,,,,
2056440250.0,,,,,,,
2056440314.0,,,,,,,
2056441337.0,,,,,,,
2056447501.0,,,,,,,
2056450288.0,,,,,,,
2056450330.0,,,,,,,
2056457501.0,,,,,,,
2056460105.0,,,,,,,
2056470075.0,,,,,,,
2056470132.0,,,,,,,
2056470170.0,,,,,,,
2056480180.0,,,,,,,
2056480209.0,,,,,,,
2056480250.0,,,,,,,
2056480310.0,,,,,,,
2056480320.0,,,,,,,
2056490100.0,,,,,,,
2056490120.0,,,,,,,
2056490150.0,,,,,,,
2056500001.0,,,,,,,
2056500100.0,,,,,,,
2056510001.0,,,,,,,
2056510160.0,,,,,,,
2056510175.0,,,,,,,
2056510180.0,,,,,,,
2056510250.0,,,,,,,
2056540001.0,,,,,,,
2056540004.0,,,,,,,
2056550221.0,,,,,,,
2056550313.0,,,,,,,
2056550314.0,,,,,,,
2056550326.0,,,,,,,
2056550382.0,,,,,,,
2056550420.0,,,,,,,
2057000078.0,,,,,,,
2057030168.0,,,,,,,
2057080088.0,,,,,,,
2057090020.0,,,,,,,
2057100700.0,,,,,,,
2057110001.0,,,,,,,
2057110029.0,,,,,,,
2057120066.0,,,,,,,
2057120130.0,,,,,,,
2057140164.0,,,,,,,
2057160170.0,,,,,,,
2057160278.0,,,,,,,
2057160279.0,,,,,,,
2057160362.0,,,,,,,
2057160500.0,,,,,,,
2057160501.0,,,,,,,
2057160700.0,,,,,,,
2057160725.0,,,,,,,
2057220475.0,,,,,,,
2057230040.0,,,,,,,
2057230084.0,,,,,,,
2057230100.0,,,,,,,
2057250767.0,,,,,,,
2057250776.0,,,,,,,
2057260673.0,,,,,,,
2057270560.0,,,,,,,
2057360006.0,,,,,,,
2057370040.0,,,,,,,
2057380374.0,,,,,,,
2057390257.0,,,,,,,
2057410080.0,,,,,,,
2057420120.0,,,,,,,
2057430002.0,,,,,,,
2057430198.0,,,,,,,
2057430203.0,,,,,,,
2057450012.0,,,,,,,
2057450091.0,,,,,,,
2057450105.0,,,,,,,
2057450255.0,,,,,,,
2057450290.0,,,,,,,
2057470590.0,,,,,,,
2057500357.0,,,,,,,
2057500382.0,,,,,,,
2057500500.0,,,,,,,
2057520121.0,,,,,,,
2057520210.0,,,,,,,
2057520275.0,,,,,,,
2057530130.0,,,,,,,
2057530135.0,,,,,,,
2057540072.0,,,,,,,
2057550041.0,,,,,,,
2057580442.0,,,,,,,
2057590573.0,,,,,,,
2057600134.0,,,,,,,
2057610444.0,,,,,,,
2057647501.0,,,,,,,
2057650720.0,,,,,,,
2057690105.0,,,,,,,
2057730328.0,,,,,,,
2057750213.0,,,,,,,
2057760401.0,,,,,,,
2057760621.0,,,,,,,
2057760632.0,,,,,,,
2057770714.0,,,,,,,
2057770719.0,,,,,,,
2057770772.0,,,,,,,
2057777501.0,,,,,,,
2057790801.0,,,,,,,
2057800940.0,,,,,,,
2057810992.0,,,,,,,
2057810995.0,,,,,,,
2057830300.0,,,,,,,
2057840340.0,,,,,,,
2057850268.0,,,,,,,
2057850284.0,,,,,,,
2057870130.0,,,,,,,
2057870148.0,,,,,,,
2057880085.0,,,,,,,
2057887501.0,,,,,,,
2057890059.0,,,,,,,
2057920430.0,,,,,,,
2057960107.0,,,,,,,
2057960117.0,,,,,,,
2057960127.0,,,,,,,
2057960129.0,,,,,,,
2057980086.0,,,,,,,
2057990032.0,,,,,,,
2057990040.0,,,,,,,
2057990073.0,,,,,,,
2058030801.0,,,,,,,
2058030985.0,,,,,,,
2058060681.0,,,,,,,
2058080001.0,,,,,,,
2058080002.0,,,,,,,
2058080350.0,,,,,,,
2058090505.0,,,,,,,
2058100417.0,,,,,,,
2058110268.0,,,,,,,
2058141149.0,,,,,,,
2058141155.0,,,,,,,
2058141195.0,,,,,,,
2058141401.0,,,,,,,
2058161701.0,,,,,,,
2058171788.0,,,,,,,
2058182040.0,,,,,,,
2058182061.0,,,,,,,
2058182065.0,,,,,,,
2058192115.0,,,,,,,
2058192120.0,,,,,,,
2058192124.0,,,,,,,
2058192170.0,,,,,,,
2058192181.0,,,,,,,
2058192190.0,,,,,,,
2058192242.0,,,,,,,
2058202275.0,,,,,,,
2058212830.0,,,,,,,
2058212910.0,,,,,,,
2058242409.0,,,,,,,
2058242412.0,,,,,,,
2058242425.0,,,,,,,
2058261685.0,,,,,,,
2058271620.0,,,,,,,
2058283527.0,,,,,,,
2058293630.0,,,,,,,
2058293635.0,,,,,,,
2058303912.0,,,,,,,
2058303920.0,,,,,,,
2058303930.0,,,,,,,
2058303940.0,,,,,,,
2058310010.0,,,,,,,
2058310060.0,,,,,,,
2058310070.0,,,,,,,
2058334265.0,,,,,,,
2058343001.0,,,,,,,
2058363101.0,,,,,,,
2058363127.0,,,,,,,
2058373701.0,,,,,,,
2058373710.0,,,,,,,
2058394018.0,,,,,,,
2058394025.0,,,,,,,
2058404132.0,,,,,,,
2058411945.0,,,,,,,
2058451799.0,,,,,,,
2058451825.0,,,,,,,
2058461605.0,,,,,,,
2058481738.0,,,,,,,
2058481774.0,,,,,,,
2058501550.0,,,,,,,
2058512091.0,,,,,,,
2058577501.0,,,,,,,
2058630109.0,,,,,,,
2058630129.0,,,,,,,
2058800686.0,,,,,,,
2058811086.0,,,,,,,
2058911601.0,,,,,,,
2059000001.0,,,,,,,
2059000150.0,,,,,,,
2059010001.0,,,,,,,
2059030283.0,,,,,,,
2059030299.0,,,,,,,
2059040086.0,,,,,,,
2059040100.0,,,,,,,
2059040267.0,,,,,,,
2059060331.0,,,,,,,
2059080210.0,,,,,,,
2059090020.0,,,,,,,
2059090110.0,,,,,,,
2059090152.0,,,,,,,
2059090163.0,,,,,,,
2059090825.0,,,,,,,
2059090970.0,,,,,,,
2059090977.0,,,,,,,
2059120001.0,,,,,,,
2059120013.0,,,,,,,
2059130894.0,,,,,,,
2059140274.0,,,,,,,
2059140280.0,,,,,,,
2059140349.0,,,,,,,
2059140395.0,,,,,,,
2059140405.0,,,,,,,
2059150074.0,,,,,,,
2059150090.0,,,,,,,
2059150270.0,,,,,,,
2059180376.0,,,,,,,
2059180380.0,,,,,,,
2059200407.0,,,,,,,
2059200510.0,,,,,,,
2059200653.0,,,,,,,
2059237501.0,,,,,,,
2059240472.0,,,,,,,
2059240490.0,,,,,,,
2059240520.0,,,,,,,
2059240536.0,,,,,,,
2059240575.0,,,,,,,
2059240585.0,,,,,,,
2059240590.0,,,,,,,
2059240600.0,,,,,,,
2059250325.0,,,,,,,
2059250411.0,,,,,,,
2059260076.0,,,,,,,
2059260280.0,,,,,,,
2059260285.0,,,,,,,
2059260300.0,,,,,,,
2059290001.0,,,,,,,
2059290069.0,,,,,,,
2059300716.0,,,,,,,
2059300800.0,,,,,,,
2059310105.0,,,,,,,
2059310157.0,,,,,,,
2059310552.0,,,,,,,
2059330008.0,,,,,,,
2059330012.0,,,,,,,
2059330014.0,,,,,,,
2059330055.0,,,,,,,
2059330100.0,,,,,,,
2059330149.0,,,,,,,
2059330210.0,,,,,,,
2059330224.0,,,,,,,
2059330225.0,,,,,,,
2059330230.0,,,,,,,
2059330546.0,,,,,,,
2059330552.0,,,,,,,
2059370360.0,,,,,,,
2059370380.0,,,,,,,
2059370440.0,,,,,,,
2059370473.0,,,,,,,
2059390374.0,,,,,,,
2059390380.0,,,,,,,
2059400442.0,,,,,,,
2059400475.0,,,,,,,
2059420289.0,,,,,,,
2059420322.0,,,,,,,
2059440103.0,,,,,,,
2059440150.0,,,,,,,
2059447501.0,,,,,,,
2059460052.0,,,,,,,
2059470001.0,,,,,,,
2059470045.0,,,,,,,
2059470075.0,,,,,,,
2059470076.0,,,,,,,
2059470420.0,,,,,,,
2059470424.0,,,,,,,
2059470448.0,,,,,,,
2059490284.0,,,,,,,
2059520330.0,,,,,,,
2059520374.0,,,,,,,
2059530001.0,,,,,,,
2059530038.0,,,,,,,
2059530230.0,,,,,,,
2059530240.0,,,,,,,
2059530545.0,,,,,,,
2059550535.0,,,,,,,
2059550540.0,,,,,,,
2059550622.0,,,,,,,
2059570152.0,,,,,,,
2059580001.0,,,,,,,
2059580010.0,,,,,,,
3000010001.0,,,,,,,
3000010050.0,,,,,,,
3000030001.0,,,,,,,
3000050001.0,,,,,,,
3000060001.0,,,,,,,
3000060010.0,,,,,,,
3000070001.0,,,,,,,
3000160001.0,,,,,,,
3000160005.0,,,,,,,
3000200014.0,,,,,,,
3000210009.0,,,,,,,
3000220001.0,,,,,,,
3000250001.0,,,,,,,
3000250012.0,,,,,,,
3000260001.0,,,,,,,
3000290001.0,,,,,,,
3000317502.0,,,,,,,
3000330001.0,,,,,,,
3000350021.0,,,,,,,
3000390001.0,,,,,,,
3000450008.0,,,,,,,
3000457501.0,,,,,,,
3000510025.0,,,,,,,
3000520004.0,,,,,,,
3000537501.0,,,,,,,
3000550020.0,,,,,,,
3000560007.0,,,,,,,
3000580050.0,,,,,,,
3000640001.0,,,,,,,
3000660001.0,,,,,,,
3000680001.0,,,,,,,
3000750001.0,,,,,,,
3000860011.0,,,,,,,
3000880001.0,,,,,,,
3000890001.0,,,,,,,
3001100001.0,,,,,,,
3001180006.0,,,,,,,
3001190043.0,,,,,,,
3001190055.0,,,,,,,
3001207503.0,,,,,,,
3001210003.0,,,,,,,
3001220013.0,,,,,,,
3001320001.0,,,,,,,
3001320023.0,,,,,,,
3001390001.0,,,,,,,
3001400111.0,,,,,,,
3001420001.0,,,,,,,
3001420050.0,,,,,,,
3001450022.0,,,,,,,
3001457501.0,,,,,,,
3001460043.0,,,,,,,
3001460053.0,,,,,,,
3001490001.0,,,,,,,
3001490100.0,,,,,,,
3001497501.0,,,,,,,
3001520006.0,,,,,,,
3001527501.0,,,,,,,
3001540001.0,,,,,,,
3001550005.0,,,,,,,
3001567502.0,,,,,,,
3001580001.0,,,,,,,
3001600007.0,,,,,,,
3001650029.0,,,,,,,
3001670013.0,,,,,,,
3001690017.0,,,,,,,
3001707501.0,,,,,,,
3001720005.0,,,,,,,
3001730005.0,,,,,,,
3001740001.0,,,,,,,
3001740013.0,,,,,,,
3001767501.0,,,,,,,
3001807501.0,,,,,,,
3001807502.0,,,,,,,
3001857504.0,,,,,,,
3001920001.0,,,,,,,
3001970028.0,,,,,,,
3001990010.0,,,,,,,
3001990100.0,,,,,,,
3001990126.0,,,,,,,
3002050001.0,,,,,,,
3002077501.0,,,,,,,
3002080025.0,,,,,,,
3002160015.0,,,,,,,
3002210013.0,,,,,,,
3002310001.0,,,,,,,
3002310019.0,,,,,,,
3002360088.0,,,,,,,
3002360118.0,,,,,,,
3002370001.0,,,,,,,
3002380035.0,,,,,,,
3002390001.0,,,,,,,
3002390016.0,,,,,,,
3002450001.0,,,,,,,
3002450015.0,,,,,,,
3002450029.0,,,,,,,
3002520028.0,,,,,,,
3002580001.0,,,,,,,
3002580017.0,,,,,,,
3002650010.0,,,,,,,
3002660050.0,,,,,,,
3002667501.0,,,,,,,
3002690009.0,,,,,,,
3002710001.0,,,,,,,
3002787502.0,,,,,,,
3002807501.0,,,,,,,
3002810001.0,,,,,,,
3002810062.0,,,,,,,
3002840001.0,,,,,,,
3002840007.0,,,,,,,
3002857501.0,,,,,,,
3003020058.0,,,,,,,
3003140001.0,,,,,,,
3003217501.0,,,,,,,
3003237503.0,,,,,,,
3003290018.0,,,,,,,
3003317501.0,,,,,,,
3003350001.0,,,,,,,
3003397503.0,,,,,,,
3003417501.0,,,,,,,
3003427501.0,,,,,,,
3003470011.0,,,,,,,
3003477502.0,,,,,,,
3003527501.0,,,,,,,
3003540001.0,,,,,,,
3003630038.0,,,,,,,
3003640010.0,,,,,,,
3003810009.0,,,,,,,
3003880019.0,,,,,,,
3003920001.0,,,,,,,
3004110014.0,,,,,,,
3004120029.0,,,,,,,
3004160017.0,,,,,,,
3004170021.0,,,,,,,
3004240001.0,,,,,,,
3004260017.0,,,,,,,
3004270052.0,,,,,,,
3004320015.0,,,,,,,
3004330028.0,,,,,,,
3004340016.0,,,,,,,
3004380003.0,,,,,,,
3004410042.0,,,,,,,
3004447501.0,,,,,,,
3004450011.0,,,,,,,
3004480013.0,,,,,,,
3004510025.0,,,,,,,
3004520001.0,,,,,,,
3004530001.0,,,,,,,
3004530021.0,,,,,,,
3004530026.0,,,,,,,
3004650012.0,,,,,,,
3004650033.0,,,,,,,
3004660060.0,,,,,,,
3004700020.0,,,,,,,
3004710100.0,,,,,,,
3004710116.0,,,,,,,
3004760019.0,,,,,,,
3004767501.0,,,,,,,
3004770001.0,,,,,,,
3004770008.0,,,,,,,
3004800008.0,,,,,,,
3004870001.0,,,,,,,
3004960050.0,,,,,,,
3005020025.0,,,,,,,
3005040001.0,,,,,,,
3005040020.0,,,,,,,
3005040050.0,,,,,,,
3005050039.0,,,,,,,
3005050060.0,,,,,,,
3005070050.0,,,,,,,
3005150061.0,,,,,,,
3005200026.0,,,,,,,
3005210001.0,,,,,,,
3005260031.0,,,,,,,
3005300024.0,,,,,,,
3005330001.0,,,,,,,
3005350026.0,,,,,,,
3005380001.0,,,,,,,
3005380054.0,,,,,,,
3005390024.0,,,,,,,
3005540014.0,,,,,,,
3005540040.0,,,,,,,
3005550005.0,,,,,,,
3005620018.0,,,,,,,
3005620037.0,,,,,,,
3005730100.0,,,,,,,
3005740001.0,,,,,,,
3005760012.0,,,,,,,
3005760024.0,,,,,,,
3005830001.0,,,,,,,
3005830036.0,,,,,,,
3005900019.0,,,,,,,
3005950009.0,,,,,,,
3005950052.0,,,,,,,
3005950070.0,,,,,,,
3005950170.0,,,,,,,
3005950250.0,,,,,,,
3005950300.0,,,,,,,
3005960012.0,,,,,,,
3005960027.0,,,,,,,
3006000011.0,,,,,,,
3006060005.0,,,,,,,
3006110001.0,,,,,,,
3006110006.0,,,,,,,
3006120130.0,,,,,,,
3006120250.0,,,,,,,
3006140001.0,,,,,,,
3006210001.0,,,,,,,
3006210050.0,,,,,,,
3006230001.0,,,,,,,
3006230020.0,,,,,,,
3006240001.0,,,,,,,
3006250002.0,,,,,,,
3006250065.0,,,,,,,
3006250080.0,,,,,,,
3006250104.0,,,,,,,
3006250250.0,,,,,,,
3006300019.0,,,,,,,
3006320004.0,,,,,,,
3006330024.0,,,,,,,
3006340034.0,,,,,,,
3006350013.0,,,,,,,
3006350100.0,,,,,,,
3006410010.0,,,,,,,
3006440001.0,,,,,,,
3006440050.0,,,,,,,
3006510025.0,,,,,,,
3006530003.0,,,,,,,
3006530007.0,,,,,,,
3006540001.0,,,,,,,
3006540018.0,,,,,,,
3006550022.0,,,,,,,
3006600039.0,,,,,,,
3006620001.0,,,,,,,
3006620130.0,,,,,,,
3006640003.0,,,,,,,
3006710001.0,,,,,,,
3006750010.0,,,,,,,
3006810001.0,,,,,,,
3006880050.0,,,,,,,
3006930001.0,,,,,,,
3007010001.0,,,,,,,
3007070057.0,,,,,,,
3007100016.0,,,,,,,
3007120028.0,,,,,,,
3007130010.0,,,,,,,
3007130020.0,,,,,,,
3007150001.0,,,,,,,
3007230025.0,,,,,,,
3007250001.0,,,,,,,
3007250100.0,,,,,,,
3007250200.0,,,,,,,
3007270007.0,,,,,,,
3007350085.0,,,,,,,
3007350110.0,,,,,,,
3007350115.0,,,,,,,
3007450075.0,,,,,,,
3007540068.0,,,,,,,
3007630001.0,,,,,,,
3007770001.0,,,,,,,
3007880025.0,,,,,,,
3008030005.0,,,,,,,
3008030150.0,,,,,,,
3008040006.0,,,,,,,
3008160001.0,,,,,,,
3008190001.0,,,,,,,
3008270020.0,,,,,,,
3008360019.0,,,,,,,
3008440001.0,,,,,,,
3008440048.0,,,,,,,
3008610001.0,,,,,,,
3008610037.0,,,,,,,
3008620012.0,,,,,,,
3008620032.0,,,,,,,
3008670006.0,,,,,,,
3008680001.0,,,,,,,
3008740011.0,,,,,,,
3008880025.0,,,,,,,
3008880034.0,,,,,,,
3008970013.0,,,,,,,
3009020001.0,,,,,,,
3009030174.0,,,,,,,
3009030250.0,,,,,,,
3009030254.0,,,,,,,
3009030265.0,,,,,,,
3009270016.0,,,,,,,
3009410030.0,,,,,,,
3009410050.0,,,,,,,
3009570017.0,,,,,,,
3009580017.0,,,,,,,
3009670001.0,,,,,,,
3009780030.0,,,,,,,
3009790005.0,,,,,,,
3009790023.0,,,,,,,
3009800008.0,,,,,,,
3009800023.0,,,,,,,
3009800095.0,,,,,,,
3009870011.0,,,,,,,
3009900001.0,,,,,,,
3009900021.0,,,,,,,
3009920005.0,,,,,,,
3009960021.0,,,,,,,
3010040055.0,,,,,,,
3010070001.0,,,,,,,
3010080001.0,,,,,,,
3010100026.0,,,,,,,
3010140063.0,,,,,,,
3010200011.0,,,,,,,
3010250026.0,,,,,,,
3010277501.0,,,,,,,
3010310001.0,,,,,,,
3010320025.0,,,,,,,
3010340068.0,,,,,,,
3010380001.0,,,,,,,
3010417501.0,,,,,,,
3010520005.0,,,,,,,
3010530038.0,,,,,,,
3010530079.0,,,,,,,
3010840039.0,,,,,,,
3010847501.0,,,,,,,
3010987509.0,,,,,,,
3011060005.0,,,,,,,
3011130061.0,,,,,,,
3011160043.0,,,,,,,
3011170001.0,,,,,,,
3011180001.0,,,,,,,
3011180004.0,,,,,,,
3011200001.0,,,,,,,
3011200019.0,,,,,,,
3011220001.0,,,,,,,
3011240037.0,,,,,,,
3011250040.0,,,,,,,
3011260013.0,,,,,,,
3011260029.0,,,,,,,
3011260032.0,,,,,,,
3011260057.0,,,,,,,
3011287501.0,,,,,,,
3011297501.0,,,,,,,
3011297502.0,,,,,,,
3011317501.0,,,,,,,
3011320037.0,,,,,,,
3011340039.0,,,,,,,
3011340067.0,,,,,,,
3011340081.0,,,,,,,
3011360015.0,,,,,,,
3011370025.0,,,,,,,
3011420018.0,,,,,,,
3011460046.0,,,,,,,
3011480001.0,,,,,,,
3011480005.0,,,,,,,
3011480033.0,,,,,,,
3011490018.0,,,,,,,
3011490041.0,,,,,,,
3011490072.0,,,,,,,
3011527507.0,,,,,,,
3011530027.0,,,,,,,
3011630001.0,,,,,,,
3011630010.0,,,,,,,
